Länderküche;Rezept;Zutat;
croatian;Baked Croatian Cottage Cheese S?truklji;egg;
croatian;Baked Croatian Cottage Cheese S?truklji;egg;
croatian;Baked Croatian Cottage Cheese S?truklji;puff pastry;
croatian;Baked Croatian Cottage Cheese S?truklji;fresh lemon juice;
croatian;Baked Croatian Cottage Cheese S?truklji;lemon zest;
croatian;Baked Croatian Cottage Cheese S?truklji;flour;
croatian;Baked Croatian Cottage Cheese S?truklji;sour cream;
croatian;Baked Croatian Cottage Cheese S?truklji;sea salt;
croatian;Baked Croatian Cottage Cheese S?truklji;sugar;
croatian;Baked Croatian Cottage Cheese S?truklji;powdered sugar;
croatian;Baked Croatian Cottage Cheese S?truklji;curd cottage cheese;
croatian;Banana Bread;caster sugar;
croatian;Banana Bread;chopped walnut;
croatian;Banana Bread;sour cream;
croatian;Banana Bread;baking powder;
croatian;Banana Bread;salt;
croatian;Banana Bread;light brown sugar;
croatian;Banana Bread;bicarbonate of soda;
croatian;Banana Bread;cognac;
croatian;Banana Bread;rum;
croatian;Banana Bread;butter;
croatian;Banana Bread;plain flour;
croatian;Banana Bread;egg;
croatian;Banana Bread;ripe banana;
croatian;Brudet (Croatian Seafood Stew);onion;
croatian;Brudet (Croatian Seafood Stew);filet;
croatian;Brudet (Croatian Seafood Stew);mussel;
croatian;Brudet (Croatian Seafood Stew);shrimp;
croatian;Brudet (Croatian Seafood Stew);olive oil;
croatian;Brudet (Croatian Seafood Stew);tomato paste;
croatian;Brudet (Croatian Seafood Stew);wine;
croatian;Brudet (Croatian Seafood Stew);lemon;
croatian;Brudet (Croatian Seafood Stew);chopped parsley;
croatian;Brudet (Croatian Seafood Stew);cherry tomatoes;
croatian;Brudet (Croatian Seafood Stew);bay leaves;
croatian;Brudet (Croatian Seafood Stew);fish stock;
croatian;Brudet (Croatian Seafood Stew);olive oil;
croatian;Brudet (Croatian Seafood Stew);tomatoe;
croatian;Brudet (Croatian Seafood Stew);clovegarlic;
croatian;Brudet (Croatian Seafood Stew);clovegarlic;
croatian;Brudet (Croatian Seafood Stew);pepper;
croatian;Brudet (Croatian Seafood Stew);salt;
croatian;Buhtle (Croatian jam-filled sweet rolls);milk;
croatian;Buhtle (Croatian jam-filled sweet rolls);egg;
croatian;Buhtle (Croatian jam-filled sweet rolls);lemon;
croatian;Buhtle (Croatian jam-filled sweet rolls);package vanilla sugar;
croatian;Buhtle (Croatian jam-filled sweet rolls);butter;
croatian;Buhtle (Croatian jam-filled sweet rolls);egg yolk;
croatian;Buhtle (Croatian jam-filled sweet rolls);salt;
croatian;Buhtle (Croatian jam-filled sweet rolls);sour cream;
croatian;Buhtle (Croatian jam-filled sweet rolls);flour;
croatian;Buhtle (Croatian jam-filled sweet rolls);cake flour;
croatian;Buhtle (Croatian jam-filled sweet rolls);butter;
croatian;Buhtle (Croatian jam-filled sweet rolls);sugar;
croatian;Buhtle (Croatian jam-filled sweet rolls);jam;
croatian;Buhtle (Croatian jam-filled sweet rolls);oil;
croatian;Croatian Anchovy Salad;garlic clove;
croatian;Croatian Anchovy Salad;lemon;
croatian;Croatian Anchovy Salad;water;
croatian;Croatian Anchovy Salad;vinegar;
croatian;Croatian Anchovy Salad;olive oil;
croatian;Croatian Anchovy Salad;salt;
croatian;Croatian Anchovy Salad;onions;
croatian;Croatian Anchovy Salad;bay leaves;
croatian;Croatian Anchovy Salad;rosemary;
croatian;Croatian Anchovy Salad;anchovies;
croatian;Croatian Anchovy Salad;pepper;
croatian;Croatian Anchovy Salad;capers;
croatian;Croatian Apple Cake;egg;
croatian;Croatian Apple Cake;egg;
croatian;Croatian Apple Cake;lemon;
croatian;Croatian Apple Cake;baking powder;
croatian;Croatian Apple Cake;ground cinnamon;
croatian;Croatian Apple Cake;salt;
croatian;Croatian Apple Cake;butter;
croatian;Croatian Apple Cake;caster;
croatian;Croatian Apple Cake;caster;
croatian;Croatian Apple Cake;rum;
croatian;Croatian Apple Cake;caster;
croatian;Croatian Apple Cake;granny smith;
croatian;Croatian Apple Cake;all purpose flour;
croatian;Croatian Apple Cake;apple;
croatian;Croatian Army Beans;bay leaf;
croatian;Croatian Army Beans;bean;
croatian;Croatian Army Beans;onion;
croatian;Croatian Army Beans;chili pepper;
croatian;Croatian Army Beans;pepper;
croatian;Croatian Army Beans;flour;
croatian;Croatian Army Beans;bacon;
croatian;Croatian Army Beans;salt;
croatian;Croatian Army Beans;garlic clove;
croatian;Croatian Army Beans;lard;
croatian;Croatian Army Beans;paprika;
croatian;Croatian Army Beans;water;
croatian;Croatian Bandit Kebab (Hajducki Chevap);pepper;
croatian;Croatian Bandit Kebab (Hajducki Chevap);salt;
croatian;Croatian Bandit Kebab (Hajducki Chevap);paprika;
croatian;Croatian Bandit Kebab (Hajducki Chevap);garlic cloves;
croatian;Croatian Bandit Kebab (Hajducki Chevap);oil;
croatian;Croatian Bandit Kebab (Hajducki Chevap);cornflour;
croatian;Croatian Bandit Kebab (Hajducki Chevap);fresh tomatoes;
croatian;Croatian Bandit Kebab (Hajducki Chevap);mutton;
croatian;Croatian Bandit Kebab (Hajducki Chevap);onions;
croatian;Croatian Bandit Kebab (Hajducki Chevap);pork;
croatian;Croatian Bandit Kebab (Hajducki Chevap);veal;
croatian;Croatian Bean Stew With Smoked Pork Ribs;bay leaf;
croatian;Croatian Bean Stew With Smoked Pork Ribs;carrot;
croatian;Croatian Bean Stew With Smoked Pork Ribs;water;
croatian;Croatian Bean Stew With Smoked Pork Ribs;parsley root;
croatian;Croatian Bean Stew With Smoked Pork Ribs;red pepper;
croatian;Croatian Bean Stew With Smoked Pork Ribs;olive oil;
croatian;Croatian Bean Stew With Smoked Pork Ribs;coarse sea salt;
croatian;Croatian Bean Stew With Smoked Pork Ribs;tomato puree;
croatian;Croatian Bean Stew With Smoked Pork Ribs;onion;
croatian;Croatian Bean Stew With Smoked Pork Ribs;chili pepper;
croatian;Croatian Bean Stew With Smoked Pork Ribs;clovegarlic;
croatian;Croatian Bean Stew With Smoked Pork Ribs;tomatoe;
croatian;Croatian Bean Stew With Smoked Pork Ribs;pinto beans;
croatian;Croatian Bean Stew With Smoked Pork Ribs;pork rib;
croatian;Croatian Bean Stew With Smoked Pork Ribs;celery root;
croatian;Croatian Beef Soup;beef;
croatian;Croatian Beef Soup;pepper;
croatian;Croatian Beef Soup;kale;
croatian;Croatian Beef Soup;salt;
croatian;Croatian Beef Soup;parsley;
croatian;Croatian Beef Soup;tomatoe;
croatian;Croatian Beef Soup;onions;
croatian;Croatian Beef Soup;carrots;
croatian;Croatian Beef Soup;water;
croatian;Croatian Beef Soup;celery root;
croatian;Croatian Beef Soup;fresh parsley leaves;
croatian;Croatian Bijela Pita or Madjarica;milk;
croatian;Croatian Bijela Pita or Madjarica;sugar;
croatian;Croatian Bijela Pita or Madjarica;baking powder;
croatian;Croatian Bijela Pita or Madjarica;corn starch;
croatian;Croatian Bijela Pita or Madjarica;eggs;
croatian;Croatian Bijela Pita or Madjarica;sugar;
croatian;Croatian Bijela Pita or Madjarica;butter;
croatian;Croatian Bijela Pita or Madjarica;butter;
croatian;Croatian Bijela Pita or Madjarica;sugar;
croatian;Croatian Bijela Pita or Madjarica;sour cream;
croatian;Croatian Bijela Pita or Madjarica;flour;
croatian;Croatian Bijela Pita or Madjarica;butter;
croatian;Croatian Bijela Pita or Madjarica;flour;
croatian;Croatian Boar Casserole;bay leaf;
croatian;Croatian Boar Casserole;red wine;
croatian;Croatian Boar Casserole;berrie;
croatian;Croatian Boar Casserole;clove;
croatian;Croatian Boar Casserole;dried thyme;
croatian;Croatian Boar Casserole;juniper berries;
croatian;Croatian Boar Casserole;boar;
croatian;Croatian Boar Casserole;celery root;
croatian;Croatian Boar Casserole;tomatoe;
croatian;Croatian Boar Casserole;garlic;
croatian;Croatian Boar Casserole;parsley;
croatian;Croatian Boar Casserole;carrots;
croatian;Croatian Boar Casserole;onions;
croatian;Croatian Boar Casserole;salt;
croatian;Croatian Chicken Soup;pepper;
croatian;Croatian Chicken Soup;kale;
croatian;Croatian Chicken Soup;salt;
croatian;Croatian Chicken Soup;parsley;
croatian;Croatian Chicken Soup;tomatoe;
croatian;Croatian Chicken Soup;onions;
croatian;Croatian Chicken Soup;chicken;
croatian;Croatian Chicken Soup;chicken hearts;
croatian;Croatian Chicken Soup;carrots;
croatian;Croatian Chicken Soup;water;
croatian;Croatian Chicken Soup;celery root;
croatian;Croatian Chicken Soup;chicken livers;
croatian;Croatian Chicken Soup;chicken;
croatian;Croatian Dawn Cake;egg yolk;
croatian;Croatian Dawn Cake;blueberry jam;
croatian;Croatian Dawn Cake;vanilla paste;
croatian;Croatian Dawn Cake;blueberry jam;
croatian;Croatian Dawn Cake;cream of tartar;
croatian;Croatian Dawn Cake;salt;
croatian;Croatian Dawn Cake;butter;
croatian;Croatian Dawn Cake;chestnut;
croatian;Croatian Dawn Cake;plain flour;
croatian;Croatian Dawn Cake;egg s;
croatian;Croatian Dawn Cake;caster sugar;
croatian;Croatian Dawn Cake;caster sugar;
croatian;Croatian Dawn Cake;icing sugar;
croatian;Croatian Easter Breakfast – Punjena Jaja (Stuffed Eggs);pinch horseradish;
croatian;Croatian Easter Breakfast – Punjena Jaja (Stuffed Eggs);mustard;
croatian;Croatian Easter Breakfast – Punjena Jaja (Stuffed Eggs);mayo olive oil;
croatian;Croatian Easter Breakfast – Punjena Jaja (Stuffed Eggs);eggs;
croatian;Croatian Easter Breakfast – Punjena Jaja (Stuffed Eggs);sour cream;
croatian;Croatian Easter Breakfast – Punjena Jaja (Stuffed Eggs);bread;
croatian;Croatian Easter Breakfast – Punjena Jaja (Stuffed Eggs);ham;
croatian;Croatian Easter Breakfast – Punjena Jaja (Stuffed Eggs);pepper;
croatian;Croatian Easter Breakfast – Punjena Jaja (Stuffed Eggs);salt;
croatian;Croatian Easter Breakfast – Punjena Jaja (Stuffed Eggs);tomatoes;
croatian;Croatian Fritter(Fritule);raisin;
croatian;Croatian Fritter(Fritule);package active dry yeast;
croatian;Croatian Fritter(Fritule);tart apple;
croatian;Croatian Fritter(Fritule);salt;
croatian;Croatian Fritter(Fritule);sugar;
croatian;Croatian Fritter(Fritule);chopped walnuts;
croatian;Croatian Fritter(Fritule);lemon zest;
croatian;Croatian Fritter(Fritule);water;
croatian;Croatian Fritter(Fritule);flour;
croatian;Croatian Fritter(Fritule);granulated sugar;
croatian;Croatian Lamb Peka;aubergine;
croatian;Croatian Lamb Peka;carrot;
croatian;Croatian Lamb Peka;courgette;
croatian;Croatian Lamb Peka;pepper;
croatian;Croatian Lamb Peka;garlic puree;
croatian;Croatian Lamb Peka;tomato puree;
croatian;Croatian Lamb Peka;milliolive oil;
croatian;Croatian Lamb Peka;onion;
croatian;Croatian Lamb Peka;milli wine;
croatian;Croatian Lamb Peka;potatoe;
croatian;Croatian Lamb Peka;lamb shoulder;
croatian;Croatian Lamb Peka;rosemary;
croatian;Croatian Lamb Peka;sage;
croatian;Croatian Lamb Peka;seasoning;
croatian;Croatian Lamb Peka;thyme;
croatian;Croatian Lamb/Mutton Chowder (Ajngemahtes);olive oil;
croatian;Croatian Lamb/Mutton Chowder (Ajngemahtes);lamb;
croatian;Croatian Lamb/Mutton Chowder (Ajngemahtes);pepper;
croatian;Croatian Lamb/Mutton Chowder (Ajngemahtes);cabbage;
croatian;Croatian Lamb/Mutton Chowder (Ajngemahtes);salt;
croatian;Croatian Lamb/Mutton Chowder (Ajngemahtes);fresh dill;
croatian;Croatian Lamb/Mutton Chowder (Ajngemahtes);parsley;
croatian;Croatian Lamb/Mutton Chowder (Ajngemahtes);sour cream;
croatian;Croatian Lamb/Mutton Chowder (Ajngemahtes);tomatoe;
croatian;Croatian Lamb/Mutton Chowder (Ajngemahtes);green pea;
croatian;Croatian Lamb/Mutton Chowder (Ajngemahtes);onions;
croatian;Croatian Lamb/Mutton Chowder (Ajngemahtes);garlic;
croatian;Croatian Lamb/Mutton Chowder (Ajngemahtes);flour;
croatian;Croatian Lamb/Mutton Chowder (Ajngemahtes);carrots;
croatian;Croatian Lamb/Mutton Chowder (Ajngemahtes);water;
croatian;Croatian Lamb/Mutton Chowder (Ajngemahtes);celery root;
croatian;Croatian Mutton Soup;mutton;
croatian;Croatian Mutton Soup;pepper;
croatian;Croatian Mutton Soup;cabbage;
croatian;Croatian Mutton Soup;salt;
croatian;Croatian Mutton Soup;parsley;
croatian;Croatian Mutton Soup;tomatoe;
croatian;Croatian Mutton Soup;onions;
croatian;Croatian Mutton Soup;garlic;
croatian;Croatian Mutton Soup;carrots;
croatian;Croatian Mutton Soup;water;
croatian;Croatian Mutton Soup;celery root;
croatian;Croatian Mutton Soup;parsley;
croatian;Croatian Pear Strudel;pear;
croatian;Croatian Pear Strudel;lemon juice;
croatian;Croatian Pear Strudel;ground cinnamon;
croatian;Croatian Pear Strudel;grated nutmeg;
croatian;Croatian Pear Strudel;sponge finger;
croatian;Croatian Pear Strudel;walnut;
croatian;Croatian Pear Strudel;caster;
croatian;Croatian Pear Strudel;filo pastry;
croatian;Croatian Pear Strudel;cocoa powder;
croatian;Croatian Pear Strudel;butter;
croatian;Croatian Pear Strudel;chocolate;
croatian;Croatian Pear Strudel;millicream;
croatian;Croatian Pear Strudel;milli rum;
croatian;Croatian Pear Strudel;dry breadcrumbs;
croatian;Croatian Pear Strudel;millimilk;
croatian;Croatian Pear Strudel;sultana;
croatian;Croatian Pear Strudel;brown sugar;
croatian;Croatian Pear Strudel;dried fig;
croatian;Croatian Pear Strudel;chocolate sauce;
croatian;Croatian Pear Strudel;ice cream;
croatian;Croatian Pear Strudel;icing;
croatian;Croatian Pear Strudel;olive oil spray;
croatian;Croatian Pear Strudel;sugar;
croatian;Croatian Peka (Dalmatia’signature dish);dry wine;
croatian;Croatian Peka (Dalmatia’signature dish);green bell pepper;
croatian;Croatian Peka (Dalmatia’signature dish);onion;
croatian;Croatian Peka (Dalmatia’signature dish);mushrooms;
croatian;Croatian Peka (Dalmatia’signature dish);garlic bulb;
croatian;Croatian Peka (Dalmatia’signature dish);Italian sweet pepper;
croatian;Croatian Peka (Dalmatia’signature dish);zucchini;
croatian;Croatian Peka (Dalmatia’signature dish);carrot;
croatian;Croatian Peka (Dalmatia’signature dish);fresh flat leaf parsley;
croatian;Croatian Peka (Dalmatia’signature dish);fresh rosemary;
croatian;Croatian Peka (Dalmatia’signature dish);new potatoes;
croatian;Croatian Peka (Dalmatia’signature dish);chicken drumstick;
croatian;Croatian Peka (Dalmatia’signature dish);leg of lamb;
croatian;Croatian Peka (Dalmatia’signature dish);loin;
croatian;Croatian Peka (Dalmatia’signature dish);coarse salt;
croatian;Croatian Peka (Dalmatia’signature dish);extra-virgin olive oil;
croatian;Croatian Pepper Cookie(Paprenjaci);egg;
croatian;Croatian Pepper Cookie(Paprenjaci);ground pepper;
croatian;Croatian Pepper Cookie(Paprenjaci);ground cloves;
croatian;Croatian Pepper Cookie(Paprenjaci);ground nutmeg;
croatian;Croatian Pepper Cookie(Paprenjaci);sugar;
croatian;Croatian Pepper Cookie(Paprenjaci);walnuts;
croatian;Croatian Pepper Cookie(Paprenjaci);lard;
croatian;Croatian Pepper Cookie(Paprenjaci);honey;
croatian;Croatian Pepper Cookie(Paprenjaci);ground cinnamon;
croatian;Croatian Pepper Cookie(Paprenjaci);flour;
croatian;Croatian Pita;egg;
croatian;Croatian Pita;baking powder;
croatian;Croatian Pita;ground cinnamon;
croatian;Croatian Pita;apple;
croatian;Croatian Pita;sugar;
croatian;Croatian Pita;butter;
croatian;Croatian Pita;dry bread crumbs;
croatian;Croatian Pita;sour cream;
croatian;Croatian Pita;sugar;
croatian;Croatian Pita;flour;
croatian;Croatian Pita;dough;
croatian;Croatian Potato Moussaka (Musaka od Krumpira) Recipe;onion;
croatian;Croatian Potato Moussaka (Musaka od Krumpira) Recipe;ground meat;
croatian;Croatian Potato Moussaka (Musaka od Krumpira) Recipe;butter;
croatian;Croatian Potato Moussaka (Musaka od Krumpira) Recipe;salt;
croatian;Croatian Potato Moussaka (Musaka od Krumpira) Recipe;dry bread crumb;
croatian;Croatian Potato Moussaka (Musaka od Krumpira) Recipe;pepper;
croatian;Croatian Potato Moussaka (Musaka od Krumpira) Recipe;dry bread crumb;
croatian;Croatian Potato Moussaka (Musaka od Krumpira) Recipe;parmigiano reggiano cheese;
croatian;Croatian Potato Moussaka (Musaka od Krumpira) Recipe;parmigiano reggiano cheese;
croatian;Croatian Potato Moussaka (Musaka od Krumpira) Recipe;clovegarlic;
croatian;Croatian Potato Moussaka (Musaka od Krumpira) Recipe;russet potatoe;
croatian;Croatian Potato Moussaka (Musaka od Krumpira) Recipe;ouncetomatoe;
croatian;Croatian Potato Moussaka (Musaka od Krumpira) Recipe;eggs;
croatian;Croatian Potato Moussaka (Musaka od Krumpira) Recipe;milk;
croatian;Croatian Savory Cabbage Strudel (Strudla Kupusom);sugar;
croatian;Croatian Savory Cabbage Strudel (Strudla Kupusom);onion;
croatian;Croatian Savory Cabbage Strudel (Strudla Kupusom);salt;
croatian;Croatian Savory Cabbage Strudel (Strudla Kupusom);package filo dough;
croatian;Croatian Savory Cabbage Strudel (Strudla Kupusom);diced bacon;
croatian;Croatian Savory Cabbage Strudel (Strudla Kupusom);oil;
croatian;Croatian Savory Cabbage Strudel (Strudla Kupusom);cabbage;
croatian;Croatian Savory Cabbage Strudel (Strudla Kupusom);butter;
croatian;Croatian Savory Cabbage Strudel (Strudla Kupusom);oil;
croatian;Croatian Savory Cabbage Strudel (Strudla Kupusom);pepper;
croatian;Croatian Savory Cabbage Strudel (Strudla Kupusom);salt;
croatian;Croatian Soparnik (kale Pie);kale;
croatian;Croatian Soparnik (kale Pie);onion;
croatian;Croatian Soparnik (kale Pie);olive oil;
croatian;Croatian Soparnik (kale Pie);milliwater;
croatian;Croatian Soparnik (kale Pie);clovegarlic;
croatian;Croatian Soparnik (kale Pie);plain flour;
croatian;Croatian Soparnik (kale Pie);fresh parsley;
croatian;Croatian Soparnik (kale Pie);pepper;
croatian;Croatian Soparnik (kale Pie);extra virgin olive oil;
croatian;Croatian Soparnik (kale Pie);salt;
croatian;Croatian Sour Cherry Strudel (S?trudlu Vis?njama);cold butter;
croatian;Croatian Sour Cherry Strudel (S?trudlu Vis?njama);lukewarm water;
croatian;Croatian Sour Cherry Strudel (S?trudlu Vis?njama);vinegar;
croatian;Croatian Sour Cherry Strudel (S?trudlu Vis?njama);all purpose flour;
croatian;Croatian Sour Cherry Strudel (S?trudlu Vis?njama);sugar;
croatian;Croatian Sour Cherry Strudel (S?trudlu Vis?njama);lemon;
croatian;Croatian Sour Cherry Strudel (S?trudlu Vis?njama);walnut;
croatian;Croatian Sour Cherry Strudel (S?trudlu Vis?njama);salt;
croatian;Croatian Sour Cherry Strudel (S?trudlu Vis?njama);sour cherrie;
croatian;Croatian Sour Cherry Strudel (S?trudlu Vis?njama);confectionersugar;
croatian;Croatian Sour Cherry Strudel (S?trudlu Vis?njama);flour;
croatian;Croatian Sour Cherry Strudel (S?trudlu Vis?njama);melted butter;
croatian;Croatian Sour Cherry Strudel (S?trudlu Vis?njama);zest;
croatian;Croatian Squid With Rice;water;
croatian;Croatian Squid With Rice;rice;
croatian;Croatian Squid With Rice;salt;
croatian;Croatian Squid With Rice;parsley;
croatian;Croatian Squid With Rice;romano cheese;
croatian;Croatian Squid With Rice;pepper;
croatian;Croatian Squid With Rice;extra-virgin olive oil;
croatian;Croatian Squid With Rice;yellow onion;
croatian;Croatian Squid With Rice;squid;
croatian;Croatian Squid With Rice;garlic clove;
croatian;Croatian Stuffed Peppers;egg;
croatian;Croatian Stuffed Peppers;onion;
croatian;Croatian Stuffed Peppers;olive oil;
croatian;Croatian Stuffed Peppers;dried basil;
croatian;Croatian Stuffed Peppers;paprika;
croatian;Croatian Stuffed Peppers;pepper;
croatian;Croatian Stuffed Peppers;salt;
croatian;Croatian Stuffed Peppers;seasoning;
croatian;Croatian Stuffed Peppers;parboiled rice;
croatian;Croatian Stuffed Peppers;clovegarlic;
croatian;Croatian Stuffed Peppers;breadcrumb;
croatian;Croatian Stuffed Peppers;ground beef;
croatian;Croatian Stuffed Peppers;millitomato puree;
croatian;Croatian Stuffed Peppers;milliwater;
croatian;Croatian Stuffed Peppers;bell pepper;
croatian;Croatian Stuffed Peppers;parsley leave;
croatian;Croatian Swirl Bread - Povitica;egg;
croatian;Croatian Swirl Bread - Povitica;egg yolk;
croatian;Croatian Swirl Bread - Povitica;egg;
croatian;Croatian Swirl Bread - Povitica;vanilla bean paste;
croatian;Croatian Swirl Bread - Povitica;vanilla pod;
croatian;Croatian Swirl Bread - Povitica;fast action yeast;
croatian;Croatian Swirl Bread - Povitica;icing sugar;
croatian;Croatian Swirl Bread - Povitica;sugar;
croatian;Croatian Swirl Bread - Povitica;butter;
croatian;Croatian Swirl Bread - Povitica;milliwhole milk;
croatian;Croatian Swirl Bread - Povitica;cocoa powder;
croatian;Croatian Swirl Bread - Povitica;walnut pieces;
croatian;Croatian Swirl Bread - Povitica;dropwater;
croatian;Croatian Swirl Bread - Povitica;butter;
croatian;Croatian Swirl Bread - Povitica;plain flour;
croatian;Croatian Swirl Bread - Povitica;whole milk;
croatian;Croatian Swirl Bread - Povitica;caster sugar;
croatian;Croatian Swirl Bread - Povitica;butter;
croatian;Croatian Swirl Bread - Povitica;salt;
croatian;Croatian Tripe;tomato puree;
croatian;Croatian Tripe;bay leaf;
croatian;Croatian Tripe;onion;
croatian;Croatian Tripe;paprika;
croatian;Croatian Tripe;Parmesan cheese;
croatian;Croatian Tripe;carrot;
croatian;Croatian Tripe;celery root;
croatian;Croatian Tripe;bacon;
croatian;Croatian Tripe;sunflower oil;
croatian;Croatian Tripe;clovegarlic;
croatian;Croatian Tripe;tripe;
croatian;Croatian Tripe;bell pepper;
croatian;Croatian Tripe;millibeef broth;
croatian;Croatian Turkey Soup;pepper;
croatian;Croatian Turkey Soup;kale;
croatian;Croatian Turkey Soup;salt;
croatian;Croatian Turkey Soup;turkey;
croatian;Croatian Turkey Soup;turkey heart;
croatian;Croatian Turkey Soup;parsley;
croatian;Croatian Turkey Soup;tomatoe;
croatian;Croatian Turkey Soup;onions;
croatian;Croatian Turkey Soup;carrots;
croatian;Croatian Turkey Soup;water;
croatian;Croatian Turkey Soup;liver;
croatian;Croatian Turkey Soup;turkey;
croatian;Croatian Turkey Soup;celery root;
croatian;Croatian Turkey Soup;parsley;
croatian;Croatian-Serbian Sweet Cheese Palacinke;flour;
croatian;Croatian-Serbian Sweet Cheese Palacinke;milk;
croatian;Croatian-Serbian Sweet Cheese Palacinke;egg;
croatian;Croatian-Serbian Sweet Cheese Palacinke;egg yolk;
croatian;Croatian-Serbian Sweet Cheese Palacinke;cottage cheese;
croatian;Croatian-Serbian Sweet Cheese Palacinke;sugar;
croatian;Croatian-Serbian Sweet Cheese Palacinke;salt;
croatian;Croatian-Serbian Sweet Cheese Palacinke;sugar;
croatian;Croatian-Serbian Sweet Cheese Palacinke;egg;
croatian;Croatian-Serbian Sweet Cheese Palacinke;sugar;
croatian;Croatian-Serbian Sweet Cheese Palacinke;tapioca;
croatian;Croatian-Serbian Sweet Cheese Palacinke;ouncecream cheese;
croatian;Croatian-Serbian Sweet Cheese Palacinke;ouncesour cream;
croatian;Discover Croatian sweet cheese pie – forerunner of the modern cheesecake;lemon;
croatian;Discover Croatian sweet cheese pie – forerunner of the modern cheesecake;pinch salt;
croatian;Discover Croatian sweet cheese pie – forerunner of the modern cheesecake;all purpose flour;
croatian;Discover Croatian sweet cheese pie – forerunner of the modern cheesecake;baking powder;
croatian;Discover Croatian sweet cheese pie – forerunner of the modern cheesecake;lemon;
croatian;Discover Croatian sweet cheese pie – forerunner of the modern cheesecake;powdered sugar;
croatian;Discover Croatian sweet cheese pie – forerunner of the modern cheesecake;raisin;
croatian;Discover Croatian sweet cheese pie – forerunner of the modern cheesecake;sugar;
croatian;Discover Croatian sweet cheese pie – forerunner of the modern cheesecake;butter;
croatian;Discover Croatian sweet cheese pie – forerunner of the modern cheesecake;egg;
croatian;Discover Croatian sweet cheese pie – forerunner of the modern cheesecake;egg yolks;
croatian;Discover Croatian sweet cheese pie – forerunner of the modern cheesecake;sour cream;
croatian;Discover Croatian sweet cheese pie – forerunner of the modern cheesecake;all purpose flour;
croatian;Discover Croatian sweet cheese pie – forerunner of the modern cheesecake;cottage cheese;
croatian;Discover Croatian sweet cheese pie – forerunner of the modern cheesecake;powdered sugar;
croatian;Hokkaido Pumpkin Soup w/ Thyme Carrot& White Beans;carrot;
croatian;Hokkaido Pumpkin Soup w/ Thyme Carrot& White Beans;can beans;
croatian;Hokkaido Pumpkin Soup w/ Thyme Carrot& White Beans;hokkaido pumpkin;
croatian;Hokkaido Pumpkin Soup w/ Thyme Carrot& White Beans;onion;
croatian;Hokkaido Pumpkin Soup w/ Thyme Carrot& White Beans;parsley;
croatian;Hokkaido Pumpkin Soup w/ Thyme Carrot& White Beans;thyme;
croatian;Hokkaido Pumpkin Soup w/ Thyme Carrot& White Beans;clovegarlic;
croatian;Hokkaido Pumpkin Soup w/ Thyme Carrot& White Beans;bread;
croatian;Hokkaido Pumpkin Soup w/ Thyme Carrot& White Beans;homemade vege stock;
croatian;Hokkaido Pumpkin Soup w/ Thyme Carrot& White Beans;olive oil;
croatian;Hokkaido Pumpkin Soup w/ Thyme Carrot& White Beans;sour cream;
croatian;Kiflice (Croatian Rolls);egg;
croatian;Kiflice (Croatian Rolls);dry active yeast;
croatian;Kiflice (Croatian Rolls);salt;
croatian;Kiflice (Croatian Rolls);sugar;
croatian;Kiflice (Croatian Rolls);olive oil;
croatian;Kiflice (Croatian Rolls);all-purpose flour;
croatian;Kiflice (Croatian Rolls);sour cream;
croatian;Kiflice (Croatian Rolls);milk;
croatian;Kiflice (Croatian Rolls);bratwurst;
croatian;Kiflice (Croatian Rolls);dried sausage;
croatian;Kiflice (Croatian Rolls);semi-hard cheese;
croatian;Medenjaci - Croatian Honey Spice Cookies;baking soda;
croatian;Medenjaci - Croatian Honey Spice Cookies;ground cloves;
croatian;Medenjaci - Croatian Honey Spice Cookies;ground nutmeg;
croatian;Medenjaci - Croatian Honey Spice Cookies;powdered ginger;
croatian;Medenjaci - Croatian Honey Spice Cookies;whole wheat flour;
croatian;Medenjaci - Croatian Honey Spice Cookies;whole walnut;
croatian;Medenjaci - Croatian Honey Spice Cookies;demerara sugar;
croatian;Medenjaci - Croatian Honey Spice Cookies;ground cinnamon;
croatian;Medenjaci - Croatian Honey Spice Cookies;butter;
croatian;Medenjaci - Croatian Honey Spice Cookies;honey;
croatian;Medenjaci - Croatian Honey Spice Cookies;eggs;
croatian;Medenjaci - Croatian Honey Spice Cookies;all purpose flour;
croatian;Medenjaci - Croatian Honey Spice Cookies;cake flour;
croatian;Medenjaci (Croatian Gingerbread Honey Cookies);egg;
croatian;Medenjaci (Croatian Gingerbread Honey Cookies);egg;
croatian;Medenjaci (Croatian Gingerbread Honey Cookies);pinch baking soda;
croatian;Medenjaci (Croatian Gingerbread Honey Cookies);pinch salt;
croatian;Medenjaci (Croatian Gingerbread Honey Cookies);ground ginger;
croatian;Medenjaci (Croatian Gingerbread Honey Cookies);vanilla extract;
croatian;Medenjaci (Croatian Gingerbread Honey Cookies);sugar;
croatian;Medenjaci (Croatian Gingerbread Honey Cookies);butter;
croatian;Medenjaci (Croatian Gingerbread Honey Cookies);salt;
croatian;Medenjaci (Croatian Gingerbread Honey Cookies);ground cloves;
croatian;Medenjaci (Croatian Gingerbread Honey Cookies);nutmeg;
croatian;Medenjaci (Croatian Gingerbread Honey Cookies);cinnamon;
croatian;Medenjaci (Croatian Gingerbread Honey Cookies);honey;
croatian;Medenjaci (Croatian Gingerbread Honey Cookies);powdered sugar;
croatian;Medenjaci (Croatian Gingerbread Honey Cookies);all purpose flour;
croatian;Old fashioned Apple Pie Bar(Croatian Apple Pie);baking powder;
croatian;Old fashioned Apple Pie Bar(Croatian Apple Pie);cinnamon;
croatian;Old fashioned Apple Pie Bar(Croatian Apple Pie);vanilla extract;
croatian;Old fashioned Apple Pie Bar(Croatian Apple Pie);lemon;
croatian;Old fashioned Apple Pie Bar(Croatian Apple Pie);all-purpose flour;
croatian;Old fashioned Apple Pie Bar(Croatian Apple Pie);eggs;
croatian;Old fashioned Apple Pie Bar(Croatian Apple Pie);granulated sugar ( g;
croatian;Old fashioned Apple Pie Bar(Croatian Apple Pie);margarine;
croatian;Old fashioned Apple Pie Bar(Croatian Apple Pie);sugar;
croatian;Old fashioned Apple Pie Bar(Croatian Apple Pie);apple;
croatian;Old fashioned Apple Pie Bar(Croatian Apple Pie);icing sugar;
croatian;Palacinke (Croatian crepes) – Regular and Gluten-free Versions;flour;
croatian;Palacinke (Croatian crepes) – Regular and Gluten-free Versions;milk;
croatian;Palacinke (Croatian crepes) – Regular and Gluten-free Versions;tapioca flour;
croatian;Palacinke (Croatian crepes) – Regular and Gluten-free Versions;sparkling water;
croatian;Palacinke (Croatian crepes) – Regular and Gluten-free Versions;almond flour;
croatian;Palacinke (Croatian crepes) – Regular and Gluten-free Versions;sorghum flour;
croatian;Palacinke (Croatian crepes) – Regular and Gluten-free Versions;salt;
croatian;Palacinke (Croatian crepes) – Regular and Gluten-free Versions;milk;
croatian;Palacinke (Croatian crepes) – Regular and Gluten-free Versions;butter;
croatian;Palacinke (Croatian crepes) – Regular and Gluten-free Versions;butter;
croatian;Palacinke (Croatian crepes) – Regular and Gluten-free Versions;eggs;
croatian;Palacinke (Croatian crepes) – Regular and Gluten-free Versions;eggs;
croatian;Palacinke (Croatian crepes) – Regular and Gluten-free Versions;salt;
croatian;Paprenjaci – Croatian Spice Cookies;walnut meal;
croatian;Paprenjaci – Croatian Spice Cookies;ground cinnamon;
croatian;Paprenjaci – Croatian Spice Cookies;egg;
croatian;Paprenjaci – Croatian Spice Cookies;ground pepper;
croatian;Paprenjaci – Croatian Spice Cookies;ground nutmeg;
croatian;Paprenjaci – Croatian Spice Cookies;ground cloves;
croatian;Paprenjaci – Croatian Spice Cookies;salt;
croatian;Paprenjaci – Croatian Spice Cookies;honey;
croatian;Paprenjaci – Croatian Spice Cookies;all purpose flour;
croatian;Paprenjaci – Croatian Spice Cookies;egg yolks;
croatian;Paprenjaci – Croatian Spice Cookies;butter;
croatian;Paprenjaci – Croatian Spice Cookies;sugar;
croatian;Paprenjaci (Croatian Christmapepper cookies);dash pepper;
croatian;Paprenjaci (Croatian Christmapepper cookies);egg;
croatian;Paprenjaci (Croatian Christmapepper cookies);egg yolk;
croatian;Paprenjaci (Croatian Christmapepper cookies);cinnamon;
croatian;Paprenjaci (Croatian Christmapepper cookies);honey;
croatian;Paprenjaci (Croatian Christmapepper cookies);dasheground cloves;
croatian;Paprenjaci (Croatian Christmapepper cookies);flour;
croatian;Paprenjaci (Croatian Christmapepper cookies);butter;
croatian;Paprenjaci (Croatian Christmapepper cookies);ground walnuts;
croatian;Paprenjaci (Croatian Christmapepper cookies);sugar;
croatian;Pas?ticada (Dalmatian Beef Stew);piece lemon zest;
croatian;Pas?ticada (Dalmatian Beef Stew);rosemary;
croatian;Pas?ticada (Dalmatian Beef Stew);sugar;
croatian;Pas?ticada (Dalmatian Beef Stew);nutmeg;
croatian;Pas?ticada (Dalmatian Beef Stew);milliwater;
croatian;Pas?ticada (Dalmatian Beef Stew);millidessert wine;
croatian;Pas?ticada (Dalmatian Beef Stew);bay leaves;
croatian;Pas?ticada (Dalmatian Beef Stew);beef;
croatian;Pas?ticada (Dalmatian Beef Stew);carrot;
croatian;Pas?ticada (Dalmatian Beef Stew);onion;
croatian;Pas?ticada (Dalmatian Beef Stew);parsley leave;
croatian;Pas?ticada (Dalmatian Beef Stew);peppercorns;
croatian;Pas?ticada (Dalmatian Beef Stew);cloves;
croatian;Pas?ticada (Dalmatian Beef Stew);salt;
croatian;Pas?ticada (Dalmatian Beef Stew);bacon;
croatian;Pas?ticada (Dalmatian Beef Stew);milliolive oil;
croatian;Pas?ticada (Dalmatian Beef Stew);millired wine;
croatian;Pas?ticada (Dalmatian Beef Stew);millired wine vinegar;
croatian;Pas?ticada (Dalmatian Beef Stew);garlic clove;
croatian;Pas?ticada (Dalmatian Beef Stew);garlic clove;
croatian;Pas?ticada (Dalmatian Beef Stew);prune;
croatian;Pas?ticada (Dalmatian Beef Stew);bay leaves;
croatian;Pas?ticada (Dalmatian Beef Stew);onions;
croatian;Pas?ticada (Dalmatian Beef Stew);pepper;
croatian;Pas?ticada (Dalmatian Beef Stew);rosemary;
croatian;Pas?ticada (Dalmatian Beef Stew);salt;
croatian;Peach-Shaped CookieRecipe - Croatian Breskvice;walnut;
croatian;Peach-Shaped CookieRecipe - Croatian Breskvice;lemon juiced;
croatian;Peach-Shaped CookieRecipe - Croatian Breskvice;stick butter;
croatian;Peach-Shaped CookieRecipe - Croatian Breskvice;sugar;
croatian;Peach-Shaped CookieRecipe - Croatian Breskvice;sugar;
croatian;Peach-Shaped CookieRecipe - Croatian Breskvice;brandy;
croatian;Peach-Shaped CookieRecipe - Croatian Breskvice;water;
croatian;Peach-Shaped CookieRecipe - Croatian Breskvice;flour;
croatian;Peach-Shaped CookieRecipe - Croatian Breskvice;jam;
croatian;Peach-Shaped CookieRecipe - Croatian Breskvice;milk;
croatian;Peach-Shaped CookieRecipe - Croatian Breskvice;baking powder;
croatian;Peach-Shaped CookieRecipe - Croatian Breskvice;brandy;
croatian;Peach-Shaped CookieRecipe - Croatian Breskvice;cocoa;
croatian;Peach-Shaped CookieRecipe - Croatian Breskvice;rum;
croatian;Peach-Shaped CookieRecipe - Croatian Breskvice;sugar;
croatian;Peach-Shaped CookieRecipe - Croatian Breskvice;egg;
croatian;Peach-Shaped CookieRecipe - Croatian Breskvice;yellow food coloring;
croatian;Pilec?i paprikas? (Chicken paprikash);oyster mushroom;
croatian;Pilec?i paprikas? (Chicken paprikash);onion;
croatian;Pilec?i paprikas? (Chicken paprikash);paprika;
croatian;Pilec?i paprikas? (Chicken paprikash);sweet paprika;
croatian;Pilec?i paprikas? (Chicken paprikash);seasoning;
croatian;Pilec?i paprikas? (Chicken paprikash);clovegarlic;
croatian;Pilec?i paprikas? (Chicken paprikash);chicken breast;
croatian;Pilec?i paprikas? (Chicken paprikash);egg noodles;
croatian;Pilec?i paprikas? (Chicken paprikash);gnocchi;
croatian;Pilec?i paprikas? (Chicken paprikash);mashed potatoes;
croatian;Pilec?i paprikas? (Chicken paprikash);olive oil;
croatian;Pilec?i paprikas? (Chicken paprikash);pepper;
croatian;Pilec?i paprikas? (Chicken paprikash);salt;
croatian;Pilec?i paprikas? (Chicken paprikash);sour cream;
croatian;Pilec?i paprikas? (Chicken paprikash);wine;
croatian;Pinca - soft and sweet Croatian Easter bread;egg yolk;
croatian;Pinca - soft and sweet Croatian Easter bread;lemon zest;
croatian;Pinca - soft and sweet Croatian Easter bread;orange zest;
croatian;Pinca - soft and sweet Croatian Easter bread;salt;
croatian;Pinca - soft and sweet Croatian Easter bread;bourbon vanilla sugar;
croatian;Pinca - soft and sweet Croatian Easter bread;millimilk;
croatian;Pinca - soft and sweet Croatian Easter bread;rum;
croatian;Pinca - soft and sweet Croatian Easter bread;eggs;
croatian;Pinca - soft and sweet Croatian Easter bread;egg yolks;
croatian;Pinca - soft and sweet Croatian Easter bread;butter;
croatian;Pinca - soft and sweet Croatian Easter bread;lard;
croatian;Pinca - soft and sweet Croatian Easter bread;flour;
croatian;Pinca - soft and sweet Croatian Easter bread;instant dry yeast;
croatian;Pinca - soft and sweet Croatian Easter bread;sugar;
croatian;Povitica (Croatian Walnut Swirl Bread);walnut halve;
croatian;Povitica (Croatian Walnut Swirl Bread);egg;
croatian;Povitica (Croatian Walnut Swirl Bread);ground cinnamon;
croatian;Povitica (Croatian Walnut Swirl Bread);sugar;
croatian;Povitica (Croatian Walnut Swirl Bread);kosher salt;
croatian;Povitica (Croatian Walnut Swirl Bread);sugar;
croatian;Povitica (Croatian Walnut Swirl Bread);ounce active dry yeast;
croatian;Povitica (Croatian Walnut Swirl Bread);flour;
croatian;Povitica (Croatian Walnut Swirl Bread);egg s;
croatian;Povitica (Croatian Walnut Swirl Bread);milk;
croatian;Povitica (Croatian Walnut Swirl Bread);milk;
croatian;Povitica (Croatian Walnut Swirl Bread);butter;
croatian;Povitica (Croatian Walnut Swirl Bread);butter;
croatian;Roasted turkey with mlinci (Croatian tattered pasta);warm water;
croatian;Roasted turkey with mlinci (Croatian tattered pasta);onion;
croatian;Roasted turkey with mlinci (Croatian tattered pasta);salt;
croatian;Roasted turkey with mlinci (Croatian tattered pasta);turkey;
croatian;Roasted turkey with mlinci (Croatian tattered pasta);flour;
croatian;Roasted turkey with mlinci (Croatian tattered pasta);clovegarlic;
croatian;Roasted turkey with mlinci (Croatian tattered pasta);carrot;
croatian;Roasted turkey with mlinci (Croatian tattered pasta);potatoe;
croatian;Roasted turkey with mlinci (Croatian tattered pasta);butter;
croatian;Roasted turkey with mlinci (Croatian tattered pasta);pepper;
croatian;Roasted turkey with mlinci (Croatian tattered pasta);salt;
croatian;Sarma (Croatian Sauerkraut Rolls);sauerkraut;
croatian;Sarma (Croatian Sauerkraut Rolls);pepper;
croatian;Sarma (Croatian Sauerkraut Rolls);rice;
croatian;Sarma (Croatian Sauerkraut Rolls);salt;
croatian;Sarma (Croatian Sauerkraut Rolls);onions;
croatian;Sarma (Croatian Sauerkraut Rolls);brine;
croatian;Sarma (Croatian Sauerkraut Rolls);eggs;
croatian;Sarma (Croatian Sauerkraut Rolls);paprika;
croatian;Sarma (Croatian Sauerkraut Rolls);bacon;
croatian;Sarma (Croatian Sauerkraut Rolls);flour;
croatian;Sarma (Croatian Sauerkraut Rolls);bacon;
croatian;Sarma (Croatian Sauerkraut Rolls);sauerkraut;
croatian;Sarma (Croatian Sauerkraut Rolls);lard;
croatian;Sarma (Croatian Sauerkraut Rolls);ground beef;
croatian;Sarma (Croatian Sauerkraut Rolls);ground pork;
croatian;Sarma (Croatian Sauerkraut Rolls);pork rib;
croatian;Slow Cooker Croatian Szekely Goulash;smoked sausage;
croatian;Slow Cooker Croatian Szekely Goulash;onion;
croatian;Slow Cooker Croatian Szekely Goulash;olive oil;
croatian;Slow Cooker Croatian Szekely Goulash;paprika;
croatian;Slow Cooker Croatian Szekely Goulash;dry wine;
croatian;Slow Cooker Croatian Szekely Goulash;celery seed;
croatian;Slow Cooker Croatian Szekely Goulash;juniper berrie;
croatian;Slow Cooker Croatian Szekely Goulash;bay leaves;
croatian;Slow Cooker Croatian Szekely Goulash;clovegarlic;
croatian;Slow Cooker Croatian Szekely Goulash;ouncesauerkraut;
croatian;Slow Cooker Croatian Szekely Goulash;ouncetomato sauce;
croatian;Slow Cooker Croatian Szekely Goulash;pepper;
croatian;Slow Cooker Croatian Szekely Goulash;salt;
croatian;Soft Croatian corn bread - proja;all-purpose flour;
croatian;Soft Croatian corn bread - proja;baking powder;
croatian;Soft Croatian corn bread - proja;natural yogurt;
croatian;Soft Croatian corn bread - proja;salt;
croatian;Soft Croatian corn bread - proja;corn grit;
croatian;Soft Croatian corn bread - proja;olive oil;
croatian;Soft Croatian corn bread - proja;cornmeal;
croatian;Soft Croatian corn bread - proja;mineral water;
croatian;Soft Croatian corn bread - proja;eggs;
croatian;Soft Croatian corn bread - proja;cottage cheese;
croatian;S?unka u kruhu (Croatian Easter ham baked inside of bread);deci milk;
croatian;S?unka u kruhu (Croatian Easter ham baked inside of bread);egg;
croatian;S?unka u kruhu (Croatian Easter ham baked inside of bread);ham;
croatian;S?unka u kruhu (Croatian Easter ham baked inside of bread);pinch sugar;
croatian;S?unka u kruhu (Croatian Easter ham baked inside of bread);sour cream;
croatian;S?unka u kruhu (Croatian Easter ham baked inside of bread);salt;
croatian;S?unka u kruhu (Croatian Easter ham baked inside of bread);instant dry yeast;
croatian;S?unka u kruhu (Croatian Easter ham baked inside of bread);deciwater;
croatian;S?unka u kruhu (Croatian Easter ham baked inside of bread);flour;
croatian;S?unka u kruhu (Croatian Easter ham baked inside of bread);oil;
croatian;The Hirshon Croatian Beef Stew – Pas?ticada;bay leaf;
croatian;The Hirshon Croatian Beef Stew – Pas?ticada;celery root;
croatian;The Hirshon Croatian Beef Stew – Pas?ticada;vege broth;
croatian;The Hirshon Croatian Beef Stew – Pas?ticada;parsley root;
croatian;The Hirshon Croatian Beef Stew – Pas?ticada;gnocchi;
croatian;The Hirshon Croatian Beef Stew – Pas?ticada;flour;
croatian;The Hirshon Croatian Beef Stew – Pas?ticada;lard;
croatian;The Hirshon Croatian Beef Stew – Pas?ticada;sugar;
croatian;The Hirshon Croatian Beef Stew – Pas?ticada;grated nutmeg;
croatian;The Hirshon Croatian Beef Stew – Pas?ticada;bunch parsley;
croatian;The Hirshon Croatian Beef Stew – Pas?ticada;dessert wine;
croatian;The Hirshon Croatian Beef Stew – Pas?ticada;olive oil;
croatian;The Hirshon Croatian Beef Stew – Pas?ticada;wine;
croatian;The Hirshon Croatian Beef Stew – Pas?ticada;carrot;
croatian;The Hirshon Croatian Beef Stew – Pas?ticada;mustard;
croatian;The Hirshon Croatian Beef Stew – Pas?ticada;tomato paste;
croatian;The Hirshon Croatian Beef Stew – Pas?ticada;lemon slices;
croatian;The Hirshon Croatian Beef Stew – Pas?ticada;onion;
croatian;The Hirshon Croatian Beef Stew – Pas?ticada;prunes;
croatian;The Hirshon Croatian Beef Stew – Pas?ticada;wine vinegar;
croatian;The Hirshon Croatian Beef Stew – Pas?ticada;ouncebacon;
croatian;The Hirshon Croatian Beef Stew – Pas?ticada;beef round;
croatian;The Hirshon Croatian Beef Stew – Pas?ticada;garlic clove;
croatian;The Hirshon Croatian Beef Stew – Pas?ticada;cloves;
croatian;The Hirshon Croatian Beef Stew – Pas?ticada;fresh rosemary;
croatian;The Hirshon Croatian Beef Stew – Pas?ticada;Parmesan cheese;
croatian;The Hirshon Croatian Beef Stew – Pas?ticada;pepper;
croatian;The Hirshon Croatian Beef Stew – Pas?ticada;salt;
croatian;The Hirshon Croatian Beef Stew – Pas?ticada;thyme;
croatian;Vegan Povitica - Croatian Sweet Walnut Bread;dry yeast;
croatian;Vegan Povitica - Croatian Sweet Walnut Bread;coconut oil;
croatian;Vegan Povitica - Croatian Sweet Walnut Bread;coconut oil;
croatian;Vegan Povitica - Croatian Sweet Walnut Bread;sugar;
croatian;Vegan Povitica - Croatian Sweet Walnut Bread;vanilla pod;
croatian;Vegan Povitica - Croatian Sweet Walnut Bread;salt;
croatian;Vegan Povitica - Croatian Sweet Walnut Bread;millialmond milk;
croatian;Vegan Povitica - Croatian Sweet Walnut Bread;millimilk;
croatian;Vegan Povitica - Croatian Sweet Walnut Bread;cocoa;
croatian;Vegan Povitica - Croatian Sweet Walnut Bread;sugar;
croatian;Vegan Povitica - Croatian Sweet Walnut Bread;sugar;
croatian;Vegan Povitica - Croatian Sweet Walnut Bread;walnut halves;
croatian;Vegan Povitica - Croatian Sweet Walnut Bread;warm water;
croatian;Vegan Povitica - Croatian Sweet Walnut Bread;sugar;
croatian;ZLEVANKA - Sweet Croatian Cornbread;cottage cheese;
croatian;ZLEVANKA - Sweet Croatian Cornbread;all-purpose flour;
croatian;ZLEVANKA - Sweet Croatian Cornbread;milk;
croatian;ZLEVANKA - Sweet Croatian Cornbread;sour cream;
croatian;ZLEVANKA - Sweet Croatian Cornbread;sugar;
croatian;ZLEVANKA - Sweet Croatian Cornbread;sunflower oil;
croatian;ZLEVANKA - Sweet Croatian Cornbread;corn flour;
croatian;ZLEVANKA - Sweet Croatian Cornbread;baking powder;
croatian;ZLEVANKA - Sweet Croatian Cornbread;vanilla extract;
croatian;ZLEVANKA - Sweet Croatian Cornbread;whole eggs;
vietnamese;Banh Xeo (Ba?nh Xe?o) - Savory Vietnamese Cre?pe;bean sprouts;
vietnamese;Banh Xeo (Ba?nh Xe?o) - Savory Vietnamese Cre?pe;water;
vietnamese;Banh Xeo (Ba?nh Xe?o) - Savory Vietnamese Cre?pe;rice flour;
vietnamese;Banh Xeo (Ba?nh Xe?o) - Savory Vietnamese Cre?pe;scallion;
vietnamese;Banh Xeo (Ba?nh Xe?o) - Savory Vietnamese Cre?pe;onion;
vietnamese;Banh Xeo (Ba?nh Xe?o) - Savory Vietnamese Cre?pe;turmeric powder;
vietnamese;Banh Xeo (Ba?nh Xe?o) - Savory Vietnamese Cre?pe;cilantro leave;
vietnamese;Banh Xeo (Ba?nh Xe?o) - Savory Vietnamese Cre?pe;coconut milk;
vietnamese;Banh Xeo (Ba?nh Xe?o) - Savory Vietnamese Cre?pe;shrimp;
vietnamese;Banh Xeo (Ba?nh Xe?o) - Savory Vietnamese Cre?pe;kosher salt;
vietnamese;Banh Xeo (Ba?nh Xe?o) - Savory Vietnamese Cre?pe;cornstarch;
vietnamese;Banh Xeo (Ba?nh Xe?o) - Savory Vietnamese Cre?pe;basil;
vietnamese;Banh Xeo (Ba?nh Xe?o) - Savory Vietnamese Cre?pe;mustard greens;
vietnamese;Banh Xeo (Ba?nh Xe?o) - Savory Vietnamese Cre?pe;nuoc cham dipping sauce;
vietnamese;Banh Xeo (Ba?nh Xe?o) - Savory Vietnamese Cre?pe;shiso;
vietnamese;Banh Xeo (Ba?nh Xe?o) - Savory Vietnamese Cre?pe;vege oil;
vietnamese;Bu?n Thi?t Nu?o??ng (Vietnamese Grilled Pork with Rice Noodles);bean sprout;
vietnamese;Bu?n Thi?t Nu?o??ng (Vietnamese Grilled Pork with Rice Noodles);cucumber;
vietnamese;Bu?n Thi?t Nu?o??ng (Vietnamese Grilled Pork with Rice Noodles);fresh cilantro;
vietnamese;Bu?n Thi?t Nu?o??ng (Vietnamese Grilled Pork with Rice Noodles);rice wine vinegar;
vietnamese;Bu?n Thi?t Nu?o??ng (Vietnamese Grilled Pork with Rice Noodles);pork shoulder;
vietnamese;Bu?n Thi?t Nu?o??ng (Vietnamese Grilled Pork with Rice Noodles);brown sugar;
vietnamese;Bu?n Thi?t Nu?o??ng (Vietnamese Grilled Pork with Rice Noodles);fish sauce;
vietnamese;Bu?n Thi?t Nu?o??ng (Vietnamese Grilled Pork with Rice Noodles);honey;
vietnamese;Bu?n Thi?t Nu?o??ng (Vietnamese Grilled Pork with Rice Noodles);freshly ground pepper;
vietnamese;Bu?n Thi?t Nu?o??ng (Vietnamese Grilled Pork with Rice Noodles);granulated sugar;
vietnamese;Bu?n Thi?t Nu?o??ng (Vietnamese Grilled Pork with Rice Noodles);fish sauce;
vietnamese;Bu?n Thi?t Nu?o??ng (Vietnamese Grilled Pork with Rice Noodles);roasted peanut;
vietnamese;Bu?n Thi?t Nu?o??ng (Vietnamese Grilled Pork with Rice Noodles);scallion;
vietnamese;Bu?n Thi?t Nu?o??ng (Vietnamese Grilled Pork with Rice Noodles);water;
vietnamese;Bu?n Thi?t Nu?o??ng (Vietnamese Grilled Pork with Rice Noodles);granulated sugar;
vietnamese;Bu?n Thi?t Nu?o??ng (Vietnamese Grilled Pork with Rice Noodles);canola oil;
vietnamese;Bu?n Thi?t Nu?o??ng (Vietnamese Grilled Pork with Rice Noodles);distilled vinegar;
vietnamese;Bu?n Thi?t Nu?o??ng (Vietnamese Grilled Pork with Rice Noodles);lettuce;
vietnamese;Bu?n Thi?t Nu?o??ng (Vietnamese Grilled Pork with Rice Noodles);garlic clove;
vietnamese;Bu?n Thi?t Nu?o??ng (Vietnamese Grilled Pork with Rice Noodles);green onion;
vietnamese;Bu?n Thi?t Nu?o??ng (Vietnamese Grilled Pork with Rice Noodles);medium carrot;
vietnamese;Bu?n Thi?t Nu?o??ng (Vietnamese Grilled Pork with Rice Noodles);minced fresh garlic;
vietnamese;Bu?n Thi?t Nu?o??ng (Vietnamese Grilled Pork with Rice Noodles);soy sauce;
vietnamese;Bu?n Thi?t Nu?o??ng (Vietnamese Grilled Pork with Rice Noodles);thai chile;
vietnamese;Bu?n Thi?t Nu?o??ng (Vietnamese Grilled Pork with Rice Noodles);chopped cilantro;
vietnamese;Bu?n Thi?t Nu?o??ng (Vietnamese Grilled Pork with Rice Noodles);lemongras;
vietnamese;Bu?n Thi?t Nu?o??ng (Vietnamese Grilled Pork with Rice Noodles);minced shallots;
vietnamese;Bu?n Thi?t Nu?o??ng (Vietnamese Grilled Pork with Rice Noodles);ouncerice noodle;
vietnamese;Cherry-Smoked Vietnamese-Flavored Ribs;chopped garlic;
vietnamese;Cherry-Smoked Vietnamese-Flavored Ribs;fresh ginger;
vietnamese;Cherry-Smoked Vietnamese-Flavored Ribs;fresh lime juice;
vietnamese;Cherry-Smoked Vietnamese-Flavored Ribs;tamarind paste;
vietnamese;Cherry-Smoked Vietnamese-Flavored Ribs;chopped fresh cilantro;
vietnamese;Cherry-Smoked Vietnamese-Flavored Ribs;chopped fresh cilantro;
vietnamese;Cherry-Smoked Vietnamese-Flavored Ribs;fresh orange juice;
vietnamese;Cherry-Smoked Vietnamese-Flavored Ribs;vietnamese fish sauce;
vietnamese;Cherry-Smoked Vietnamese-Flavored Ribs;sparerib;
vietnamese;Cherry-Smoked Vietnamese-Flavored Ribs;apple cider vinegar;
vietnamese;Cherry-Smoked Vietnamese-Flavored Ribs;soy sauce;
vietnamese;Cherry-Smoked Vietnamese-Flavored Ribs;lime zest;
vietnamese;Cherry-Smoked Vietnamese-Flavored Ribs;brown sugar;
vietnamese;Cherry-Smoked Vietnamese-Flavored Ribs;cherry;
vietnamese;Crispy Vietnamese Pancake(Banh Xeo);cooked chicken;
vietnamese;Crispy Vietnamese Pancake(Banh Xeo);red chilli;
vietnamese;Crispy Vietnamese Pancake(Banh Xeo);carrot;
vietnamese;Crispy Vietnamese Pancake(Banh Xeo);sprig coriander;
vietnamese;Crispy Vietnamese Pancake(Banh Xeo);lime juice;
vietnamese;Crispy Vietnamese Pancake(Banh Xeo);water;
vietnamese;Crispy Vietnamese Pancake(Banh Xeo);turmeric;
vietnamese;Crispy Vietnamese Pancake(Banh Xeo);sea salt;
vietnamese;Crispy Vietnamese Pancake(Banh Xeo);bean;
vietnamese;Crispy Vietnamese Pancake(Banh Xeo);millicoconut milk;
vietnamese;Crispy Vietnamese Pancake(Banh Xeo);rice flour;
vietnamese;Crispy Vietnamese Pancake(Banh Xeo);garlic clove;
vietnamese;Crispy Vietnamese Pancake(Banh Xeo);spring onion;
vietnamese;Crispy Vietnamese Pancake(Banh Xeo);vinegar;
vietnamese;Crispy Vietnamese Pancake(Banh Xeo);fish sauce;
vietnamese;Crispy Vietnamese Pancake(Banh Xeo);sugar;
vietnamese;Crispy Vietnamese Pancake(Banh Xeo);dressing;
vietnamese;Crispy Vietnamese Pancake(Banh Xeo);lettuce leave;
vietnamese;Crispy Vietnamese Pancake(Banh Xeo);mint leave;
vietnamese;Crispy Vietnamese Pancake(Banh Xeo);vege oil;
vietnamese;Easy Pho Bo (Vietnamese Beef Noodle Soup);bean sprouts;
vietnamese;Easy Pho Bo (Vietnamese Beef Noodle Soup);basil leaves;
vietnamese;Easy Pho Bo (Vietnamese Beef Noodle Soup);package rice stick;
vietnamese;Easy Pho Bo (Vietnamese Beef Noodle Soup);beef sirloin;
vietnamese;Easy Pho Bo (Vietnamese Beef Noodle Soup);bunch cilantro;
vietnamese;Easy Pho Bo (Vietnamese Beef Noodle Soup);beef stock;
vietnamese;Easy Pho Bo (Vietnamese Beef Noodle Soup);jalapenos;
vietnamese;Easy Pho Bo (Vietnamese Beef Noodle Soup);star anise seed;
vietnamese;Easy Pho Bo (Vietnamese Beef Noodle Soup);vietnamese fish sauce;
vietnamese;Easy Pho Bo (Vietnamese Beef Noodle Soup);serrano chiles;
vietnamese;Easy Pho Bo (Vietnamese Beef Noodle Soup);lime;
vietnamese;Easy Pho Bo (Vietnamese Beef Noodle Soup);green onions;
vietnamese;Easy Pho Bo (Vietnamese Beef Noodle Soup);fish sauce;
vietnamese;Easy Pho Bo (Vietnamese Beef Noodle Soup);Sriracha chili sauce;
vietnamese;Easy Vegan Vietnamese Curry;block fried tofu;
vietnamese;Easy Vegan Vietnamese Curry;carrot;
vietnamese;Easy Vegan Vietnamese Curry;lemongrasstalk;
vietnamese;Easy Vegan Vietnamese Curry;shallot;
vietnamese;Easy Vegan Vietnamese Curry;oil;
vietnamese;Easy Vegan Vietnamese Curry;satay paste;
vietnamese;Easy Vegan Vietnamese Curry;soy sauce;
vietnamese;Easy Vegan Vietnamese Curry;turmeric;
vietnamese;Easy Vegan Vietnamese Curry;broccoli;
vietnamese;Easy Vegan Vietnamese Curry;eggplant;
vietnamese;Easy Vegan Vietnamese Curry;inch ginger;
vietnamese;Easy Vegan Vietnamese Curry;ground coriander;
vietnamese;Easy Vegan Vietnamese Curry;anise;
vietnamese;Easy Vegan Vietnamese Curry;salt;
vietnamese;Easy Vegan Vietnamese Curry;ouncefull fat coconut milk;
vietnamese;Easy Vegan Vietnamese Curry;clovegarlic;
vietnamese;Easy Vegan Vietnamese Curry;water;
vietnamese;Easy Vegan Vietnamese Curry;coconut sugar;
vietnamese;Easy Vegan Vietnamese Curry;taro;
vietnamese;Easy Vegan Vietnamese Curry;mushroom;
vietnamese;Easy Vegan Vietnamese Curry;cilantro;
vietnamese;Easy Vegan Vietnamese Curry;fresh mint;
vietnamese;Easy Vegan Vietnamese Curry;lime juice;
vietnamese;Fresh and Easy Vietnamese Noodle Salad;bean sprout;
vietnamese;Fresh and Easy Vietnamese Noodle Salad;fish sauce;
vietnamese;Fresh and Easy Vietnamese Noodle Salad;seasoned rice vinegar;
vietnamese;Fresh and Easy Vietnamese Noodle Salad;chopped cilantro;
vietnamese;Fresh and Easy Vietnamese Noodle Salad;crushed red pepper;
vietnamese;Fresh and Easy Vietnamese Noodle Salad;ouncevermicelli noodle;
vietnamese;Fresh and Easy Vietnamese Noodle Salad;carrot;
vietnamese;Fresh and Easy Vietnamese Noodle Salad;clovegarlic;
vietnamese;Fresh and Easy Vietnamese Noodle Salad;cucumber;
vietnamese;Fresh and Easy Vietnamese Noodle Salad;sugar;
vietnamese;Fresh and Easy Vietnamese Noodle Salad;green onion;
vietnamese;Fresh and Easy Vietnamese Noodle Salad;lime;
vietnamese;Goi Buoi (Vietnamese Pomelo Salad);carrot;
vietnamese;Goi Buoi (Vietnamese Pomelo Salad);chili;
vietnamese;Goi Buoi (Vietnamese Pomelo Salad);English cucumber;
vietnamese;Goi Buoi (Vietnamese Pomelo Salad);green mango;
vietnamese;Goi Buoi (Vietnamese Pomelo Salad);pomelo;
vietnamese;Goi Buoi (Vietnamese Pomelo Salad);sea scallop;
vietnamese;Goi Buoi (Vietnamese Pomelo Salad);fish sauce;
vietnamese;Goi Buoi (Vietnamese Pomelo Salad);cilantro leave;
vietnamese;Goi Buoi (Vietnamese Pomelo Salad);rau ram;
vietnamese;Goi Buoi (Vietnamese Pomelo Salad);spearmint;
vietnamese;Goi Buoi (Vietnamese Pomelo Salad);thai basil leave;
vietnamese;Goi Buoi (Vietnamese Pomelo Salad);sea salt;
vietnamese;Goi Buoi (Vietnamese Pomelo Salad);kaffir lime leave;
vietnamese;Goi Buoi (Vietnamese Pomelo Salad);lime juice;
vietnamese;Goi Buoi (Vietnamese Pomelo Salad);peanut oil;
vietnamese;Goi Buoi (Vietnamese Pomelo Salad);clovegarlic;
vietnamese;Goi Buoi (Vietnamese Pomelo Salad);roasted peanut;
vietnamese;Goi Buoi (Vietnamese Pomelo Salad);toasted sesame seed;
vietnamese;Goi Buoi (Vietnamese Pomelo Salad);freshly ground pepper;
vietnamese;Goi Buoi (Vietnamese Pomelo Salad);kosher salt;
vietnamese;Go?i cuo??n Vietnamese Summer rolls;warm water;
vietnamese;Go?i cuo??n Vietnamese Summer rolls;lime juice;
vietnamese;Go?i cuo??n Vietnamese Summer rolls;sugar;
vietnamese;Go?i cuo??n Vietnamese Summer rolls;fish sauce;
vietnamese;Go?i cuo??n Vietnamese Summer rolls;garlic clove;
vietnamese;Go?i cuo??n Vietnamese Summer rolls;chilli;
vietnamese;Go?i cuo??n Vietnamese Summer rolls;avocado;
vietnamese;Go?i cuo??n Vietnamese Summer rolls;basil leaves;
vietnamese;Go?i cuo??n Vietnamese Summer rolls;carrot;
vietnamese;Go?i cuo??n Vietnamese Summer rolls;coriander;
vietnamese;Go?i cuo??n Vietnamese Summer rolls;cucumber;
vietnamese;Go?i cuo??n Vietnamese Summer rolls;eggplant;
vietnamese;Go?i cuo??n Vietnamese Summer rolls;herbs;
vietnamese;Go?i cuo??n Vietnamese Summer rolls;lemongrass;
vietnamese;Go?i cuo??n Vietnamese Summer rolls;mint;
vietnamese;Go?i cuo??n Vietnamese Summer rolls;peppers;
vietnamese;Go?i cuo??n Vietnamese Summer rolls;salad leaves;
vietnamese;Go?i cuo??n Vietnamese Summer rolls;sweet corn;
vietnamese;Go?i cuo??n Vietnamese Summer rolls;tomatoes;
vietnamese;Go?i cuo??n Vietnamese Summer rolls;veges;
vietnamese;Go?i cuo??n Vietnamese Summer rolls;vermicelli noodles;
vietnamese;Go?i cuo??n Vietnamese Summer rolls;vietnamese rice paper;
vietnamese;Go?i cuo??n Vietnamese Summer rolls;warm water;
vietnamese;Grilled Vietnamese Chicken;lime juice;
vietnamese;Grilled Vietnamese Chicken;neutral oil;
vietnamese;Grilled Vietnamese Chicken;bonelesskinleschicken thigh;
vietnamese;Grilled Vietnamese Chicken;cilantro;
vietnamese;Grilled Vietnamese Chicken;ginger;
vietnamese;Grilled Vietnamese Chicken;fish sauce;
vietnamese;Grilled Vietnamese Chicken;red chili flake;
vietnamese;Grilled Vietnamese Chicken;brown sugar;
vietnamese;Grilled Vietnamese Chicken;soy sauce;
vietnamese;Grilled Vietnamese Chicken;minced garlic;
vietnamese;Grilled Vietnamese Chicken;green onions;
vietnamese;LemongrasVietnamese Meatballs;ginger;
vietnamese;LemongrasVietnamese Meatballs;ground pork;
vietnamese;LemongrasVietnamese Meatballs;onion;
vietnamese;LemongrasVietnamese Meatballs;oil;
vietnamese;LemongrasVietnamese Meatballs;Sriracha;
vietnamese;LemongrasVietnamese Meatballs;cilantro;
vietnamese;LemongrasVietnamese Meatballs;brown sugar;
vietnamese;LemongrasVietnamese Meatballs;fish sauce;
vietnamese;LemongrasVietnamese Meatballs;soy sauce;
vietnamese;LemongrasVietnamese Meatballs;garlic cloves;
vietnamese;LemongrasVietnamese Meatballs;lemongrasstalk;
vietnamese;Pho (Vietnamese Noodle Soup);brown sugar;
vietnamese;Pho (Vietnamese Noodle Soup);whole coriander seeds;
vietnamese;Pho (Vietnamese Noodle Soup);onion;
vietnamese;Pho (Vietnamese Noodle Soup);cardamom pods;
vietnamese;Pho (Vietnamese Noodle Soup);fish sauce;
vietnamese;Pho (Vietnamese Noodle Soup);cinnamon stick;
vietnamese;Pho (Vietnamese Noodle Soup);inchefresh ginger;
vietnamese;Pho (Vietnamese Noodle Soup);whole cloves;
vietnamese;Pho (Vietnamese Noodle Soup);star anise;
vietnamese;Pho (Vietnamese Noodle Soup);ouncerice noodle;
vietnamese;Pho (Vietnamese Noodle Soup);beef stock;
vietnamese;Pho (Vietnamese Noodle Soup);ouncesteak;
vietnamese;Pho (Vietnamese Noodle Soup);bean sprouts;
vietnamese;Pho (Vietnamese Noodle Soup);chiles;
vietnamese;Pho (Vietnamese Noodle Soup);fine sea salt;
vietnamese;Pho (Vietnamese Noodle Soup);fresh herbs;
vietnamese;Pho (Vietnamese Noodle Soup);lime wedges;
vietnamese;Pho (Vietnamese Noodle Soup);onions;
vietnamese;Spicy Vietnamese Beef Noodle Soup (Bu?n bo? Hue??);banana blossom;
vietnamese;Spicy Vietnamese Beef Noodle Soup (Bu?n bo? Hue??);bunch cilantro;
vietnamese;Spicy Vietnamese Beef Noodle Soup (Bu?n bo? Hue??);bunch scallion;
vietnamese;Spicy Vietnamese Beef Noodle Soup (Bu?n bo? Hue??);bunch Vietnamese coriander;
vietnamese;Spicy Vietnamese Beef Noodle Soup (Bu?n bo? Hue??);chile flake;
vietnamese;Spicy Vietnamese Beef Noodle Soup (Bu?n bo? Hue??);lemongras;
vietnamese;Spicy Vietnamese Beef Noodle Soup (Bu?n bo? Hue??);water;
vietnamese;Spicy Vietnamese Beef Noodle Soup (Bu?n bo? Hue??);boxebun;
vietnamese;Spicy Vietnamese Beef Noodle Soup (Bu?n bo? Hue??);lime;
vietnamese;Spicy Vietnamese Beef Noodle Soup (Bu?n bo? Hue??);packagevermicelli noodle;
vietnamese;Spicy Vietnamese Beef Noodle Soup (Bu?n bo? Hue??);beef shank;
vietnamese;Spicy Vietnamese Beef Noodle Soup (Bu?n bo? Hue??);shallot;
vietnamese;Spicy Vietnamese Beef Noodle Soup (Bu?n bo? Hue??);pork feet;
vietnamese;Spicy Vietnamese Beef Noodle Soup (Bu?n bo? Hue??);oil;
vietnamese;Spicy Vietnamese Beef Noodle Soup (Bu?n bo? Hue??);stalklemongras;
vietnamese;Spicy Vietnamese Beef Noodle Soup (Bu?n bo? Hue??);fish sauce;
vietnamese;Spicy Vietnamese Beef Noodle Soup (Bu?n bo? Hue??);lemongras;
vietnamese;Spicy Vietnamese Beef Noodle Soup (Bu?n bo? Hue??);salt;
vietnamese;Suon Nuong (Vietnamese Pork Chops);fish sauce;
vietnamese;Suon Nuong (Vietnamese Pork Chops);pork;
vietnamese;Suon Nuong (Vietnamese Pork Chops);ground pepper;
vietnamese;Suon Nuong (Vietnamese Pork Chops);sugar;
vietnamese;Suon Nuong (Vietnamese Pork Chops);sliced shallot;
vietnamese;Suon Nuong (Vietnamese Pork Chops);lemongras;
vietnamese;Suon Nuong (Vietnamese Pork Chops);peanut oil;
vietnamese;Suon Nuong (Vietnamese Pork Chops);soy sauce;
vietnamese;Suon Nuong (Vietnamese Pork Chops);clovegarlic;
vietnamese;Suon Nuong (Vietnamese Pork Chops);cooked rice;
vietnamese;Suon Nuong (Vietnamese Pork Chops);nuoc cham;
vietnamese;Vegan Vietnamese Jackfruit Salad;bag tortilla chips;
vietnamese;Vegan Vietnamese Jackfruit Salad;can jackfruit;
vietnamese;Vegan Vietnamese Jackfruit Salad;clove garlic;
vietnamese;Vegan Vietnamese Jackfruit Salad;rice cracker;
vietnamese;Vegan Vietnamese Jackfruit Salad;seed;
vietnamese;Vegan Vietnamese Jackfruit Salad;toasted sesame seeds;
vietnamese;Vegan Vietnamese Jackfruit Salad;vege oil;
vietnamese;Vegan Vietnamese Jackfruit Salad;soy sauce;
vietnamese;Vegan Vietnamese Jackfruit Salad;medium carrot;
vietnamese;Vegan Vietnamese Jackfruit Salad;onion;
vietnamese;Vegan Vietnamese Jackfruit Salad;fresh basil;
vietnamese;Vegan Vietnamese Jackfruit Salad;fresh cilantro;
vietnamese;Vegan Vietnamese Jackfruit Salad;fresh mint;
vietnamese;Vegan Vietnamese Jackfruit Salad;water;
vietnamese;Vegan Vietnamese Jackfruit Salad;oyster mushroom;
vietnamese;Vegan Vietnamese Jackfruit Salad;salt;
vietnamese;Vegan Vietnamese Jackfruit Salad;rice cracker;
vietnamese;Vegan Vietnamese Jackfruit Salad;fried shallots;
vietnamese;Vegan Vietnamese Jackfruit Salad;rice vinegar;
vietnamese;Vegan Vietnamese Jackfruit Salad;sugar;
vietnamese;Vegan Vietnamese Jackfruit Salad;fresh lime juice;
vietnamese;Vegan Vietnamese Jackfruit Salad;papadum;
vietnamese;Vegan Vietnamese Jackfruit Salad;vietnamese rice paper;
vietnamese;Vegan Vietnamese Jackfruit Salad;pepper;
vietnamese;Vegan Vietnamese Jackfruit Salad;salt;
vietnamese;Vegetarian Vietnamese Pancakes;toasted sesame oil;
vietnamese;Vegetarian Vietnamese Pancakes;rice flour;
vietnamese;Vegetarian Vietnamese Pancakes;coconut milk;
vietnamese;Vegetarian Vietnamese Pancakes;bean sprout;
vietnamese;Vegetarian Vietnamese Pancakes;enoki mushrooms;
vietnamese;Vegetarian Vietnamese Pancakes;snow pea;
vietnamese;Vegetarian Vietnamese Pancakes;egg;
vietnamese;Vegetarian Vietnamese Pancakes;carrot;
vietnamese;Vegetarian Vietnamese Pancakes;brown sugar;
vietnamese;Vegetarian Vietnamese Pancakes;rice wine vinegar;
vietnamese;Vegetarian Vietnamese Pancakes;sweet soy sauce;
vietnamese;Vegetarian Vietnamese Pancakes;turmeric;
vietnamese;Vegetarian Vietnamese Pancakes;thai chile;
vietnamese;Vegetarian Vietnamese Pancakes;thai basil leave;
vietnamese;Vegetarian Vietnamese Pancakes;daikon radish;
vietnamese;Vegetarian Vietnamese Pancakes;salt;
vietnamese;Vegetarian Vietnamese Pancakes;mint leave;
vietnamese;Vegetarian Vietnamese Pancakes;lime juice;
vietnamese;Vegetarian Vietnamese Pancakes;fresh ginger;
vietnamese;Vegetarian Vietnamese Pancakes;green onion;
vietnamese;Vegetarian Vietnamese Pancakes;vege oil;
vietnamese;Vietnamese Beef Salad;head butter lettuce;
vietnamese;Vietnamese Beef Salad;flank steak;
vietnamese;Vietnamese Beef Salad;cilantro leave;
vietnamese;Vietnamese Beef Salad;fresh mint leaves;
vietnamese;Vietnamese Beef Salad;roasted peanut;
vietnamese;Vietnamese Beef Salad;chili paste;
vietnamese;Vietnamese Beef Salad;firmly packed light brown sugar;
vietnamese;Vietnamese Beef Salad;fish sauce;
vietnamese;Vietnamese Beef Salad;fresh lime juice;
vietnamese;Vietnamese Beef Salad;carrot;
vietnamese;Vietnamese Beef Salad;lemongrasstalk;
vietnamese;Vietnamese Beef Salad;sesame oil;
vietnamese;Vietnamese Beef Salad;garlic clove;
vietnamese;Vietnamese Beef Salad;ouncerice noodle;
vietnamese;Vietnamese Beef Salad;Vietnamese dipping sauce;
vietnamese;Vietnamese Bo Luc Lac;beef sirloin;
vietnamese;Vietnamese Bo Luc Lac;sugar;
vietnamese;Vietnamese Bo Luc Lac;sugar;
vietnamese;Vietnamese Bo Luc Lac;lime;
vietnamese;Vietnamese Bo Luc Lac;red onion;
vietnamese;Vietnamese Bo Luc Lac;fish sauce;
vietnamese;Vietnamese Bo Luc Lac;sesame oil;
vietnamese;Vietnamese Bo Luc Lac;soy sauce;
vietnamese;Vietnamese Bo Luc Lac;rice vinegar;
vietnamese;Vietnamese Bo Luc Lac;salt;
vietnamese;Vietnamese Bo Luc Lac;cracked pepper;
vietnamese;Vietnamese Bo Luc Lac;kosher salt;
vietnamese;Vietnamese Bo Luc Lac;buncheiceberg;
vietnamese;Vietnamese Bo Luc Lac;minced garlic;
vietnamese;Vietnamese Bo Luc Lac;oyster sauce;
vietnamese;Vietnamese Bo Luc Lac;tomatoe;
vietnamese;Vietnamese Bo Luc Lac;cooking oil;
vietnamese;Vietnamese Bowl;basmati rice;
vietnamese;Vietnamese Bowl;brown sugar;
vietnamese;Vietnamese Bowl;egg;
vietnamese;Vietnamese Bowl;ground pork;
vietnamese;Vietnamese Bowl;chicken base;
vietnamese;Vietnamese Bowl;ginger;
vietnamese;Vietnamese Bowl;minced garlic;
vietnamese;Vietnamese Bowl;apple cider vinegar;
vietnamese;Vietnamese Bowl;ginger;
vietnamese;Vietnamese Bowl;kosher salt;
vietnamese;Vietnamese Bowl;kosher salt;
vietnamese;Vietnamese Bowl;bread crumbs;
vietnamese;Vietnamese Bowl;cracked pepper;
vietnamese;Vietnamese Bowl;water;
vietnamese;Vietnamese Bowl;chopped fresh cilantro;
vietnamese;Vietnamese Bowl;butter;
vietnamese;Vietnamese Bowl;chile pepper;
vietnamese;Vietnamese Bowl;soy sauce;
vietnamese;Vietnamese Bowl;egg;
vietnamese;Vietnamese Bowl;chopped cilantro;
vietnamese;Vietnamese Bowl;jalapeno;
vietnamese;Vietnamese Bowl;pepper;
vietnamese;Vietnamese Bowl;salt;
vietnamese;Vietnamese Bowl;vege slaw;
vietnamese;Vietnamese Burgers;kosher salt;
vietnamese;Vietnamese Burgers;carrot;
vietnamese;Vietnamese Burgers;ground beef;
vietnamese;Vietnamese Burgers;radishe;
vietnamese;Vietnamese Burgers;Sriracha;
vietnamese;Vietnamese Burgers;fresh ginger;
vietnamese;Vietnamese Burgers;salt;
vietnamese;Vietnamese Burgers;chopped cilantro;
vietnamese;Vietnamese Burgers;mayonnaise;
vietnamese;Vietnamese Burgers;water;
vietnamese;Vietnamese Burgers;vinegar;
vietnamese;Vietnamese Burgers;pepper;
vietnamese;Vietnamese Burgers;crushed red pepper;
vietnamese;Vietnamese Burgers;clovegarlic;
vietnamese;Vietnamese Burgers;sugar;
vietnamese;Vietnamese Burgers;inchelemongras;
vietnamese;Vietnamese Burgers;Ciabatta roll;
vietnamese;Vietnamese Caramel Chicken;chicken thigh;
vietnamese;Vietnamese Caramel Chicken;fish sauce;
vietnamese;Vietnamese Caramel Chicken;sugar;
vietnamese;Vietnamese Caramel Chicken;jalapeno;
vietnamese;Vietnamese Caramel Chicken;sugar;
vietnamese;Vietnamese Caramel Chicken;oil;
vietnamese;Vietnamese Caramel Chicken;clovegarlic;
vietnamese;Vietnamese Caramel Chicken;water;
vietnamese;Vietnamese Caramel Chicken;rice vinegar;
vietnamese;Vietnamese Caramel Chicken;pepper;
vietnamese;Vietnamese Chicken;chili garlic sauce;
vietnamese;Vietnamese Chicken;lemongras;
vietnamese;Vietnamese Chicken;palm sugar;
vietnamese;Vietnamese Chicken;lime;
vietnamese;Vietnamese Chicken;fish sauce;
vietnamese;Vietnamese Chicken;soy sauce;
vietnamese;Vietnamese Chicken;garlic clove;
vietnamese;Vietnamese Chicken;bone in skin on chicken thigh;
vietnamese;Vietnamese Chicken;cilantro;
vietnamese;Vietnamese Chicken;cooking oil;
vietnamese;Vietnamese Chicken Meatballs;cornstarch;
vietnamese;Vietnamese Chicken Meatballs;ground chicken;
vietnamese;Vietnamese Chicken Meatballs;stalk lemongras;
vietnamese;Vietnamese Chicken Meatballs;mint;
vietnamese;Vietnamese Chicken Meatballs;onion;
vietnamese;Vietnamese Chicken Meatballs;kosher salt;
vietnamese;Vietnamese Chicken Meatballs;clovegarlic;
vietnamese;Vietnamese Chicken Meatballs;pepper;
vietnamese;Vietnamese Chicken Meatballs;fish sauce;
vietnamese;Vietnamese Chicken Meatballs;chopped cilantro;
vietnamese;Vietnamese Chicken Meatballs;granulated sugar;
vietnamese;Vietnamese Chicken Salad;bunch green onion;
vietnamese;Vietnamese Chicken Salad;celery;
vietnamese;Vietnamese Chicken Salad;cherry tomatoe;
vietnamese;Vietnamese Chicken Salad;chopped cilantro;
vietnamese;Vietnamese Chicken Salad;daikon radish;
vietnamese;Vietnamese Chicken Salad;grated carrot;
vietnamese;Vietnamese Chicken Salad;Persian cucumber;
vietnamese;Vietnamese Chicken Salad;roasted peanuts;
vietnamese;Vietnamese Chicken Salad;lime;
vietnamese;Vietnamese Chicken Salad;red chile;
vietnamese;Vietnamese Chicken Salad;kosher salt;
vietnamese;Vietnamese Chicken Salad;extra-virgin olive oil;
vietnamese;Vietnamese Chicken Salad;ground pepper;
vietnamese;Vietnamese Chicken Salad;brown sugar;
vietnamese;Vietnamese Chicken Salad;extra-virgin olive oil;
vietnamese;Vietnamese Chicken Salad;fresh lime juice;
vietnamese;Vietnamese Chicken Salad;ouncegreen bean;
vietnamese;Vietnamese Chicken Salad;clovegarlic;
vietnamese;Vietnamese Chicken Salad;fish sauce;
vietnamese;Vietnamese Chicken Salad;lemon zest;
vietnamese;Vietnamese Chicken Salad;napa cabbage;
vietnamese;Vietnamese Chicken Salad;boneless skinleschicken breast;
vietnamese;Vietnamese Chicken Salad;ouncedried rice noodle;
vietnamese;Vietnamese Chicken Salad;lemon juice;
vietnamese;Vietnamese Chicken Salad with Rice Noodles;cilantro leave;
vietnamese;Vietnamese Chicken Salad with Rice Noodles;boneless skinleschicken breasts;
vietnamese;Vietnamese Chicken Salad with Rice Noodles;green cabbage;
vietnamese;Vietnamese Chicken Salad with Rice Noodles;brown sugar;
vietnamese;Vietnamese Chicken Salad with Rice Noodles;rice vinegar;
vietnamese;Vietnamese Chicken Salad with Rice Noodles;serrano peppers;
vietnamese;Vietnamese Chicken Salad with Rice Noodles;clovegarlic;
vietnamese;Vietnamese Chicken Salad with Rice Noodles;carrot;
vietnamese;Vietnamese Chicken Salad with Rice Noodles;fish sauce;
vietnamese;Vietnamese Chicken Salad with Rice Noodles;ouncerice noodles;
vietnamese;Vietnamese Chicken Salad with Rice Noodles;lime juice;
vietnamese;Vietnamese Chicken Salad with Rice Noodles;vege oil;
vietnamese;Vietnamese Chicken Vermicelli Salad;carrot;
vietnamese;Vietnamese Chicken Vermicelli Salad;cucumber;
vietnamese;Vietnamese Chicken Vermicelli Salad;garlic clove;
vietnamese;Vietnamese Chicken Vermicelli Salad;cucumber;
vietnamese;Vietnamese Chicken Vermicelli Salad;rice wine vinegar;
vietnamese;Vietnamese Chicken Vermicelli Salad;shredded carrot;
vietnamese;Vietnamese Chicken Vermicelli Salad;Thai chili;
vietnamese;Vietnamese Chicken Vermicelli Salad;roasted peanut;
vietnamese;Vietnamese Chicken Vermicelli Salad;green leaf lettuce;
vietnamese;Vietnamese Chicken Vermicelli Salad;fish sauce;
vietnamese;Vietnamese Chicken Vermicelli Salad;lime juice;
vietnamese;Vietnamese Chicken Vermicelli Salad;sugar;
vietnamese;Vietnamese Chicken Vermicelli Salad;chicken breast;
vietnamese;Vietnamese Chicken Vermicelli Salad;shallot;
vietnamese;Vietnamese Chicken Vermicelli Salad;olive oil;
vietnamese;Vietnamese Chicken Vermicelli Salad;fish sauce;
vietnamese;Vietnamese Chicken Vermicelli Salad;low sodium soy sauce;
vietnamese;Vietnamese Chicken Vermicelli Salad;warm water;
vietnamese;Vietnamese Chicken Vermicelli Salad;sugar;
vietnamese;Vietnamese Chicken Vermicelli Salad;ouncerice vermicelli;
vietnamese;Vietnamese Chicken Vermicelli Salad;cilantro;
vietnamese;Vietnamese Chicken Vermicelli Salad;mint leave;
vietnamese;Vietnamese Coleslaw With Shredded Chicken And Peanuts;boneless skinleschicken breast;
vietnamese;Vietnamese Coleslaw With Shredded Chicken And Peanuts;palm sugar;
vietnamese;Vietnamese Coleslaw With Shredded Chicken And Peanuts;sesame oil;
vietnamese;Vietnamese Coleslaw With Shredded Chicken And Peanuts;dry roasted peanut;
vietnamese;Vietnamese Coleslaw With Shredded Chicken And Peanuts;unseasoned rice vinegar;
vietnamese;Vietnamese Coleslaw With Shredded Chicken And Peanuts;nam pla;
vietnamese;Vietnamese Coleslaw With Shredded Chicken And Peanuts;onion;
vietnamese;Vietnamese Coleslaw With Shredded Chicken And Peanuts;shredded carrots;
vietnamese;Vietnamese Coleslaw With Shredded Chicken And Peanuts;cilantro leave;
vietnamese;Vietnamese Coleslaw With Shredded Chicken And Peanuts;fresh mint leaves;
vietnamese;Vietnamese Coleslaw With Shredded Chicken And Peanuts;Vietnamese coriander;
vietnamese;Vietnamese Coleslaw With Shredded Chicken And Peanuts;water;
vietnamese;Vietnamese Coleslaw With Shredded Chicken And Peanuts;clovegarlic;
vietnamese;Vietnamese Coleslaw With Shredded Chicken And Peanuts;nam pla;
vietnamese;Vietnamese Coleslaw With Shredded Chicken And Peanuts;sesame seeds;
vietnamese;Vietnamese Coleslaw With Shredded Chicken And Peanuts;serrano chile;
vietnamese;Vietnamese Coleslaw With Shredded Chicken And Peanuts;fresh lime juice;
vietnamese;Vietnamese Coleslaw With Shredded Chicken And Peanuts;green cabbage;
vietnamese;Vietnamese Coleslaw With Shredded Chicken And Peanuts;chicken;
vietnamese;Vietnamese Coleslaw With Shredded Chicken And Peanuts;coleslaw;
vietnamese;Vietnamese Coleslaw With Shredded Chicken And Peanuts;dressing;
vietnamese;Vietnamese Coleslaw With Shredded Chicken And Peanuts;freshly ground pepper;
vietnamese;Vietnamese Cre?pes;carrot;
vietnamese;Vietnamese Cre?pes;ground chicken;
vietnamese;Vietnamese Cre?pes;vege oil;
vietnamese;Vietnamese Cre?pes;zucchini;
vietnamese;Vietnamese Cre?pes;roasted peanut;
vietnamese;Vietnamese Cre?pes;hoisin sauce;
vietnamese;Vietnamese Cre?pes;fish sauce;
vietnamese;Vietnamese Cre?pes;ouncesprout;
vietnamese;Vietnamese Cre?pes;spring onion;
vietnamese;Vietnamese Cre?pes;crêpes frozen and thawed or fresh;
vietnamese;Vietnamese Cucumber Salad;garlic clove;
vietnamese;Vietnamese Cucumber Salad;jalapeño;
vietnamese;Vietnamese Cucumber Salad;pinch salt;
vietnamese;Vietnamese Cucumber Salad;fish sauce;
vietnamese;Vietnamese Cucumber Salad;sugar;
vietnamese;Vietnamese Cucumber Salad;cilantro leave;
vietnamese;Vietnamese Cucumber Salad;toasted peanut;
vietnamese;Vietnamese Cucumber Salad;oil;
vietnamese;Vietnamese Cucumber Salad;mint leave;
vietnamese;Vietnamese Cucumber Salad;japanese cucumber;
vietnamese;Vietnamese Cucumber Salad;scallion;
vietnamese;Vietnamese Cucumber Salad;seasoned rice wine vinegar;
vietnamese;Vietnamese Cucumber Salad;lime juice;
vietnamese;Vietnamese Dipping Sauce (Nuoc Cham);clove garlic;
vietnamese;Vietnamese Dipping Sauce (Nuoc Cham);clove garlic;
vietnamese;Vietnamese Dipping Sauce (Nuoc Cham);sweetener;
vietnamese;Vietnamese Dipping Sauce (Nuoc Cham);sweetener;
vietnamese;Vietnamese Dipping Sauce (Nuoc Cham);water;
vietnamese;Vietnamese Dipping Sauce (Nuoc Cham);water;
vietnamese;Vietnamese Dipping Sauce (Nuoc Cham);rice vinegar;
vietnamese;Vietnamese Dipping Sauce (Nuoc Cham);fish sauce;
vietnamese;Vietnamese Dipping Sauce (Nuoc Cham);Thai chili;
vietnamese;Vietnamese Dipping Sauce (Nuoc Cham);whole Thai chili;
vietnamese;Vietnamese Dipping Sauce (Nuoc Cham);lime juice;
vietnamese;Vietnamese Fried Spring Rolls;fish sauce;
vietnamese;Vietnamese Fried Spring Rolls;egg;
vietnamese;Vietnamese Fried Spring Rolls;red chilli;
vietnamese;Vietnamese Fried Spring Rolls;sugar;
vietnamese;Vietnamese Fried Spring Rolls;ground pepper;
vietnamese;Vietnamese Fried Spring Rolls;sea salt;
vietnamese;Vietnamese Fried Spring Rolls;sugar;
vietnamese;Vietnamese Fried Spring Rolls;garlic clove;
vietnamese;Vietnamese Fried Spring Rolls;lime juice;
vietnamese;Vietnamese Fried Spring Rolls;vinegar;
vietnamese;Vietnamese Fried Spring Rolls;rice paper wrapper;
vietnamese;Vietnamese Fried Spring Rolls;prawn;
vietnamese;Vietnamese Fried Spring Rolls;pork mince;
vietnamese;Vietnamese Fried Spring Rolls;shallot;
vietnamese;Vietnamese Fried Spring Rolls;fish sauce;
vietnamese;Vietnamese Fried Spring Rolls;sugar;
vietnamese;Vietnamese Fried Spring Rolls;glasnoodle;
vietnamese;Vietnamese Fried Spring Rolls;lettuce leave;
vietnamese;Vietnamese Fried Spring Rolls;mint leave;
vietnamese;Vietnamese Fried Spring Rolls;nuoc cham dipping sauce;
vietnamese;Vietnamese Fried Spring Rolls;pork;
vietnamese;Vietnamese Fried Spring Rolls;prawn;
vietnamese;Vietnamese Fried Spring Rolls;vege oil;
vietnamese;Vietnamese Ground Pork in Tomato Sauce (Thi?t Ba?m So??t Ca? Chua);oil;
vietnamese;Vietnamese Ground Pork in Tomato Sauce (Thi?t Ba?m So??t Ca? Chua);fish sauce;
vietnamese;Vietnamese Ground Pork in Tomato Sauce (Thi?t Ba?m So??t Ca? Chua);shallot;
vietnamese;Vietnamese Ground Pork in Tomato Sauce (Thi?t Ba?m So??t Ca? Chua);tomato paste;
vietnamese;Vietnamese Ground Pork in Tomato Sauce (Thi?t Ba?m So??t Ca? Chua);pepper;
vietnamese;Vietnamese Ground Pork in Tomato Sauce (Thi?t Ba?m So??t Ca? Chua);onion;
vietnamese;Vietnamese Ground Pork in Tomato Sauce (Thi?t Ba?m So??t Ca? Chua);ground pork;
vietnamese;Vietnamese Ground Pork in Tomato Sauce (Thi?t Ba?m So??t Ca? Chua);chile flake;
vietnamese;Vietnamese Ground Pork in Tomato Sauce (Thi?t Ba?m So??t Ca? Chua);salt;
vietnamese;Vietnamese Ground Pork in Tomato Sauce (Thi?t Ba?m So??t Ca? Chua);water;
vietnamese;Vietnamese Ground Pork in Tomato Sauce (Thi?t Ba?m So??t Ca? Chua);clovegarlic;
vietnamese;Vietnamese Ground Pork in Tomato Sauce (Thi?t Ba?m So??t Ca? Chua);tomato;
vietnamese;Vietnamese Ground Pork in Tomato Sauce (Thi?t Ba?m So??t Ca? Chua);stalkscallion;
vietnamese;Vietnamese Herb Salad;chile;
vietnamese;Vietnamese Herb Salad;chile;
vietnamese;Vietnamese Herb Salad;roasted cashew;
vietnamese;Vietnamese Herb Salad;celery;
vietnamese;Vietnamese Herb Salad;red onion;
vietnamese;Vietnamese Herb Salad;vietnamese fish sauce;
vietnamese;Vietnamese Herb Salad;cilantro leave;
vietnamese;Vietnamese Herb Salad;flat leaf parsley leave;
vietnamese;Vietnamese Herb Salad;fresh mint leave;
vietnamese;Vietnamese Herb Salad;leave;
vietnamese;Vietnamese Herb Salad;loosely packed fresh basil leaves;
vietnamese;Vietnamese Herb Salad;sugar;
vietnamese;Vietnamese Herb Salad;lime juice;
vietnamese;Vietnamese Lamb Riblets;lamb riblets;
vietnamese;Vietnamese Lamb Riblets;onion;
vietnamese;Vietnamese Lamb Riblets;red chilli;
vietnamese;Vietnamese Lamb Riblets;brown sugar;
vietnamese;Vietnamese Lamb Riblets;lime;
vietnamese;Vietnamese Lamb Riblets;fish sauce;
vietnamese;Vietnamese Lamb Riblets;clovegarlic;
vietnamese;Vietnamese Lamb Riblets;fish sauce;
vietnamese;Vietnamese Lamb Riblets;soy sauce;
vietnamese;Vietnamese Lamb Riblets;sugar;
vietnamese;Vietnamese LemongrasPork;coarse salt;
vietnamese;Vietnamese LemongrasPork;fish sauce;
vietnamese;Vietnamese LemongrasPork;ground pepper;
vietnamese;Vietnamese LemongrasPork;pork shoulder;
vietnamese;Vietnamese LemongrasPork;shallot;
vietnamese;Vietnamese LemongrasPork;stalklemongras;
vietnamese;Vietnamese LemongrasPork;coconut aminos;
vietnamese;Vietnamese LemongrasPork;olive oil;
vietnamese;Vietnamese LemongrasPork;pineapple juice;
vietnamese;Vietnamese LemongrasPork;clovegarlic;
vietnamese;Vietnamese LemongrasPork;lime wedge;
vietnamese;Vietnamese Lettuce Wraps;cilantro;
vietnamese;Vietnamese Lettuce Wraps;fresh basil;
vietnamese;Vietnamese Lettuce Wraps;head lettuce;
vietnamese;Vietnamese Lettuce Wraps;jalapeno;
vietnamese;Vietnamese Lettuce Wraps;ground beef;
vietnamese;Vietnamese Lettuce Wraps;red bell pepper;
vietnamese;Vietnamese Lettuce Wraps;fresh ginger;
vietnamese;Vietnamese Lettuce Wraps;honey;
vietnamese;Vietnamese Lettuce Wraps;rice vinegar;
vietnamese;Vietnamese Lettuce Wraps;coconut oil;
vietnamese;Vietnamese Lettuce Wraps;cucumber;
vietnamese;Vietnamese Lettuce Wraps;red pepper;
vietnamese;Vietnamese Lettuce Wraps;garlic clove;
vietnamese;Vietnamese Lettuce Wraps;green onion;
vietnamese;Vietnamese Lettuce Wraps;roasted peanut;
vietnamese;Vietnamese Lettuce Wraps;soy sauce;
vietnamese;Vietnamese Lettuce Wraps;peanut butter;
vietnamese;Vietnamese Lettuce Wraps;carrot;
vietnamese;Vietnamese Lettuce Wraps;ouncebrown rice noodle;
vietnamese;Vietnamese Lettuce Wraps;soy sauce;
vietnamese;Vietnamese Meatball Lettuce Wraps;cucumber;
vietnamese;Vietnamese Meatball Lettuce Wraps;carrot;
vietnamese;Vietnamese Meatball Lettuce Wraps;red chilli;
vietnamese;Vietnamese Meatball Lettuce Wraps;red onion;
vietnamese;Vietnamese Meatball Lettuce Wraps;fish sauce;
vietnamese;Vietnamese Meatball Lettuce Wraps;honey;
vietnamese;Vietnamese Meatball Lettuce Wraps;soy sauce;
vietnamese;Vietnamese Meatball Lettuce Wraps;roasted peanut;
vietnamese;Vietnamese Meatball Lettuce Wraps;Vietnamese dipping sauce;
vietnamese;Vietnamese Meatball Lettuce Wraps;lettuce;
vietnamese;Vietnamese Meatball Lettuce Wraps;sunflower oil;
vietnamese;Vietnamese Meatball Lettuce Wraps;pork sausages;
vietnamese;Vietnamese Meatball Noodle Bowl;bean sprout;
vietnamese;Vietnamese Meatball Noodle Bowl;sliced cucumber;
vietnamese;Vietnamese Meatball Noodle Bowl;garlic clove;
vietnamese;Vietnamese Meatball Noodle Bowl;jalapeno;
vietnamese;Vietnamese Meatball Noodle Bowl;ground meat;
vietnamese;Vietnamese Meatball Noodle Bowl;fish sauce;
vietnamese;Vietnamese Meatball Noodle Bowl;Sriracha;
vietnamese;Vietnamese Meatball Noodle Bowl;sugar;
vietnamese;Vietnamese Meatball Noodle Bowl;sweet chili sauce;
vietnamese;Vietnamese Meatball Noodle Bowl;coarse salt;
vietnamese;Vietnamese Meatball Noodle Bowl;freshly ground pepper;
vietnamese;Vietnamese Meatball Noodle Bowl;cilantro;
vietnamese;Vietnamese Meatball Noodle Bowl;mint sprigs;
vietnamese;Vietnamese Meatball Noodle Bowl;peanut;
vietnamese;Vietnamese Meatball Noodle Bowl;thai basil;
vietnamese;Vietnamese Meatball Noodle Bowl;lime juice;
vietnamese;Vietnamese Meatball Noodle Bowl;fresh basil;
vietnamese;Vietnamese Meatball Noodle Bowl;red chili flakes;
vietnamese;Vietnamese Meatball Noodle Bowl;cornstarch;
vietnamese;Vietnamese Meatball Noodle Bowl;green onion;
vietnamese;Vietnamese Meatball Noodle Bowl;fish sauce;
vietnamese;Vietnamese Meatball Noodle Bowl;garlic clove;
vietnamese;Vietnamese Meatball Noodle Bowl;sugar;
vietnamese;Vietnamese Meatball Noodle Bowl;water;
vietnamese;Vietnamese Meatball Noodle Bowl;romaine lettuce;
vietnamese;Vietnamese Meatball Noodle Bowl;nuoc cham;
vietnamese;Vietnamese Meatball Noodle Bowl;rice stick noodle;
vietnamese;Vietnamese Meatball(Xiu Mai);water;
vietnamese;Vietnamese Meatball(Xiu Mai);tomato paste;
vietnamese;Vietnamese Meatball(Xiu Mai);ground pork;
vietnamese;Vietnamese Meatball(Xiu Mai);corn starch;
vietnamese;Vietnamese Meatball(Xiu Mai);fish sauce;
vietnamese;Vietnamese Meatball(Xiu Mai);sugar;
vietnamese;Vietnamese Meatball(Xiu Mai);garlic;
vietnamese;Vietnamese Meatball(Xiu Mai);vege oil;
vietnamese;Vietnamese Meatball(Xiu Mai);garlic;
vietnamese;Vietnamese Meatball(Xiu Mai);ground pepper;
vietnamese;Vietnamese Meatball(Xiu Mai);ground pepper;
vietnamese;Vietnamese Meatball(Xiu Mai);medium tomatoe;
vietnamese;Vietnamese Meatball(Xiu Mai);corn starch;
vietnamese;Vietnamese Meatball(Xiu Mai);water;
vietnamese;Vietnamese Meatball(Xiu Mai);green onions;
vietnamese;Vietnamese Meatball(Xiu Mai);ouncejicama;
vietnamese;Vietnamese Noodle Bowl (Bun);water;
vietnamese;Vietnamese Noodle Bowl (Bun);carrot;
vietnamese;Vietnamese Noodle Bowl (Bun);chopped peanuts;
vietnamese;Vietnamese Noodle Bowl (Bun);vege oil;
vietnamese;Vietnamese Noodle Bowl (Bun);sambal oelek;
vietnamese;Vietnamese Noodle Bowl (Bun);cucumber;
vietnamese;Vietnamese Noodle Bowl (Bun);fish sauce;
vietnamese;Vietnamese Noodle Bowl (Bun);rice vinegar;
vietnamese;Vietnamese Noodle Bowl (Bun);shredded lettuce;
vietnamese;Vietnamese Noodle Bowl (Bun);shrimp;
vietnamese;Vietnamese Noodle Bowl (Bun);clovegarlic;
vietnamese;Vietnamese Noodle Bowl (Bun);green onion;
vietnamese;Vietnamese Noodle Bowl (Bun);vermicelli noodles;
vietnamese;Vietnamese Noodle Bowl (Bun);sugar;
vietnamese;Vietnamese Noodle Bowl (Bun);chili oil;
vietnamese;Vietnamese Noodle Bowl (Bun);soy sauce;
vietnamese;Vietnamese Noodle Bowl (Bun);Sriracha;
vietnamese;Vietnamese Noodle Bowl with Glazed Pork;bunch cilantro;
vietnamese;Vietnamese Noodle Bowl with Glazed Pork;bunch mint;
vietnamese;Vietnamese Noodle Bowl with Glazed Pork;chile;
vietnamese;Vietnamese Noodle Bowl with Glazed Pork;fresh lime juice;
vietnamese;Vietnamese Noodle Bowl with Glazed Pork;head green leaf lettuce;
vietnamese;Vietnamese Noodle Bowl with Glazed Pork;garlic;
vietnamese;Vietnamese Noodle Bowl with Glazed Pork;fish sauce;
vietnamese;Vietnamese Noodle Bowl with Glazed Pork;granulated sugar;
vietnamese;Vietnamese Noodle Bowl with Glazed Pork;brown sugar;
vietnamese;Vietnamese Noodle Bowl with Glazed Pork;vege oil;
vietnamese;Vietnamese Noodle Bowl with Glazed Pork;rice vermicelli;
vietnamese;Vietnamese Noodle Bowl with Glazed Pork;cucumber;
vietnamese;Vietnamese Noodle Bowl with Glazed Pork;pork cutlet;
vietnamese;Vietnamese Noodle Bowl with Glazed Pork;carrot;
vietnamese;Vietnamese Noodle Salad with LemongrasBeef;shredded carrot;
vietnamese;Vietnamese Noodle Salad with LemongrasBeef;beef flap meat;
vietnamese;Vietnamese Noodle Salad with LemongrasBeef;shallot;
vietnamese;Vietnamese Noodle Salad with LemongrasBeef;sliced cucumber;
vietnamese;Vietnamese Noodle Salad with LemongrasBeef;chopped cilantro;
vietnamese;Vietnamese Noodle Salad with LemongrasBeef;soy sauce;
vietnamese;Vietnamese Noodle Salad with LemongrasBeef;honey;
vietnamese;Vietnamese Noodle Salad with LemongrasBeef;lemongras;
vietnamese;Vietnamese Noodle Salad with LemongrasBeef;fresh lime juice;
vietnamese;Vietnamese Noodle Salad with LemongrasBeef;palm sugar;
vietnamese;Vietnamese Noodle Salad with LemongrasBeef;fresh basil;
vietnamese;Vietnamese Noodle Salad with LemongrasBeef;fresh mint leave;
vietnamese;Vietnamese Noodle Salad with LemongrasBeef;peanut;
vietnamese;Vietnamese Noodle Salad with LemongrasBeef;pepper;
vietnamese;Vietnamese Noodle Salad with LemongrasBeef;pepper;
vietnamese;Vietnamese Noodle Salad with LemongrasBeef;ouncerice noodles;
vietnamese;Vietnamese Noodle Salad with LemongrasBeef;nuoc cham;
vietnamese;Vietnamese Noodle Salad with LemongrasBeef;shredded lettuce;
vietnamese;Vietnamese Noodle Salad with LemongrasBeef;garlic clove;
vietnamese;Vietnamese Noodle Salad with LemongrasBeef;coconut oil;
vietnamese;Vietnamese Noodle Salad with LemongrasBeef;fish sauce;
vietnamese;Vietnamese Noodle Salad with LemongrasChicken;chicken thigh;
vietnamese;Vietnamese Noodle Salad with LemongrasChicken;bay leaf;
vietnamese;Vietnamese Noodle Salad with LemongrasChicken;lime zest;
vietnamese;Vietnamese Noodle Salad with LemongrasChicken;stick lemongrass;
vietnamese;Vietnamese Noodle Salad with LemongrasChicken;apple juice;
vietnamese;Vietnamese Noodle Salad with LemongrasChicken;fish sauce;
vietnamese;Vietnamese Noodle Salad with LemongrasChicken;olive oil;
vietnamese;Vietnamese Noodle Salad with LemongrasChicken;sweetener;
vietnamese;Vietnamese Noodle Salad with LemongrasChicken;coarse salt;
vietnamese;Vietnamese Noodle Salad with LemongrasChicken;paprika;
vietnamese;Vietnamese Noodle Salad with LemongrasChicken;ounce garlic;
vietnamese;Vietnamese Noodle Salad with LemongrasChicken;pepper;
vietnamese;Vietnamese Noodle Salad with LemongrasChicken;lemon thyme;
vietnamese;Vietnamese Noodle Salad with LemongrasChicken;turmeric powder;
vietnamese;Vietnamese Noodle Salad with LemongrasChicken;ounceshirataki noodle;
vietnamese;Vietnamese Noodle Salad with LemongrasChicken;ounceshallot;
vietnamese;Vietnamese Noodle Salad with LemongrasChicken;whole kaffir lime leave;
vietnamese;Vietnamese Noodle Salad with LemongrasChicken;avocado oil;
vietnamese;Vietnamese Noodle Salad with LemongrasChicken;basil;
vietnamese;Vietnamese Noodle Salad with LemongrasChicken;carrots;
vietnamese;Vietnamese Noodle Salad with LemongrasChicken;cilantro;
vietnamese;Vietnamese Noodle Salad with LemongrasChicken;fresh mint;
vietnamese;Vietnamese Noodle Salad with LemongrasChicken;sliced cucumbers;
vietnamese;Vietnamese Noodle Salad with LemongrasChicken;Vietnamese dipping sauce;
vietnamese;Vietnamese Pho;beef brisket;
vietnamese;Vietnamese Pho;onion;
vietnamese;Vietnamese Pho;sprig cilantro;
vietnamese;Vietnamese Pho;sprig spearmint;
vietnamese;Vietnamese Pho;sprig thai basil;
vietnamese;Vietnamese Pho;centimetercinnamon stick;
vietnamese;Vietnamese Pho;cloves;
vietnamese;Vietnamese Pho;lime;
vietnamese;Vietnamese Pho;lime;
vietnamese;Vietnamese Pho;star anise;
vietnamese;Vietnamese Pho;coriander seeds;
vietnamese;Vietnamese Pho;fennel seeds;
vietnamese;Vietnamese Pho;beef shin;
vietnamese;Vietnamese Pho;bean sprouts;
vietnamese;Vietnamese Pho;fish sauce;
vietnamese;Vietnamese Pho;ginger;
vietnamese;Vietnamese Pho;sprigcoriander;
vietnamese;Vietnamese Pho;stalkscallion;
vietnamese;Vietnamese Pho;rock sugar;
vietnamese;Vietnamese Pho;salt;
vietnamese;Vietnamese Pho;sirloin;
vietnamese;Vietnamese Pho;fish sauce;
vietnamese;Vietnamese Pho;onion;
vietnamese;Vietnamese Pho;noodle;
vietnamese;Vietnamese Pho;Bird'eye chili;
vietnamese;Vietnamese Pho;ground pepper;
vietnamese;Vietnamese Pho;hoisin sauce;
vietnamese;Vietnamese Pho;Sriracha;
vietnamese;Vietnamese Pomelo Salad;fresh lime juice;
vietnamese;Vietnamese Pomelo Salad;carrot;
vietnamese;Vietnamese Pomelo Salad;clove garlic;
vietnamese;Vietnamese Pomelo Salad;cucumber;
vietnamese;Vietnamese Pomelo Salad;pomelo;
vietnamese;Vietnamese Pomelo Salad;water;
vietnamese;Vietnamese Pomelo Salad;roasted peanut;
vietnamese;Vietnamese Pomelo Salad;fish sauce;
vietnamese;Vietnamese Pomelo Salad;sugar;
vietnamese;Vietnamese Pomelo Salad;chili garlic sauce;
vietnamese;Vietnamese Pomelo Salad;shallot;
vietnamese;Vietnamese Pomelo Salad;salt;
vietnamese;Vietnamese Pomelo Salad;mint leave;
vietnamese;Vietnamese Rolls;baguette;
vietnamese;Vietnamese Rolls;cucumber;
vietnamese;Vietnamese Rolls;red chilli;
vietnamese;Vietnamese Rolls;coriander;
vietnamese;Vietnamese Rolls;mint leave;
vietnamese;Vietnamese Rolls;pickled carrot;
vietnamese;Vietnamese Rolls;radish;
vietnamese;Vietnamese Rolls;pork;
vietnamese;Vietnamese Rolls;mayonnaise;
vietnamese;Vietnamese Rolls;green onion;
vietnamese;Vietnamese Rolls;chive;
vietnamese;Vietnamese Rolls;lemon juice;
vietnamese;Vietnamese Sandwich Banh Mi;carrot;
vietnamese;Vietnamese Sandwich Banh Mi;chili pepper;
vietnamese;Vietnamese Sandwich Banh Mi;cucumber;
vietnamese;Vietnamese Sandwich Banh Mi;daikon;
vietnamese;Vietnamese Sandwich Banh Mi;French baguette;
vietnamese;Vietnamese Sandwich Banh Mi;pate;
vietnamese;Vietnamese Sandwich Banh Mi;Thai red curry paste;
vietnamese;Vietnamese Sandwich Banh Mi;wine vinegar;
vietnamese;Vietnamese Sandwich Banh Mi;mayonnaise;
vietnamese;Vietnamese Sandwich Banh Mi;slicecold cut;
vietnamese;Vietnamese Sandwich Banh Mi;fresh cilantro;
vietnamese;Vietnamese Shaken Beef Bowl.;cucumber;
vietnamese;Vietnamese Shaken Beef Bowl.;fresh cilantro;
vietnamese;Vietnamese Shaken Beef Bowl.;lime;
vietnamese;Vietnamese Shaken Beef Bowl.;beef chuck;
vietnamese;Vietnamese Shaken Beef Bowl.;butter;
vietnamese;Vietnamese Shaken Beef Bowl.;pepper;
vietnamese;Vietnamese Shaken Beef Bowl.;salt;
vietnamese;Vietnamese Shaken Beef Bowl.;sesame oil;
vietnamese;Vietnamese Shaken Beef Bowl.;fresh mint;
vietnamese;Vietnamese Shaken Beef Bowl.;green cabbage;
vietnamese;Vietnamese Shaken Beef Bowl.;crushed red pepper flakes;
vietnamese;Vietnamese Shaken Beef Bowl.;olive oil;
vietnamese;Vietnamese Shaken Beef Bowl.;roasted peanut;
vietnamese;Vietnamese Shaken Beef Bowl.;fish sauce;
vietnamese;Vietnamese Shaken Beef Bowl.;hoisin;
vietnamese;Vietnamese Shaken Beef Bowl.;soy sauce;
vietnamese;Vietnamese Shaken Beef Bowl.;carrot;
vietnamese;Vietnamese Shaken Beef Bowl.;red bell pepper;
vietnamese;Vietnamese Shaken Beef Bowl.;chili sauce;
vietnamese;Vietnamese Shaken Beef Bowl.;peanut butter;
vietnamese;Vietnamese Shaken Beef Bowl.;clovegarlic;
vietnamese;Vietnamese Shaken Beef Bowl.;brown sugar;
vietnamese;Vietnamese Shaken Beef Bowl.;rice vinegar;
vietnamese;Vietnamese Shaken Beef Bowl.;steamed rice;
vietnamese;Vietnamese Shaken Beef Bowl.;green onion;
vietnamese;Vietnamese Shaken Beef Bowl.;water;
vietnamese;Vietnamese Shredded Chicken Salad;onion;
vietnamese;Vietnamese Shredded Chicken Salad;rice wine vinegar;
vietnamese;Vietnamese Shredded Chicken Salad;chopped mint;
vietnamese;Vietnamese Shredded Chicken Salad;cooked chicken;
vietnamese;Vietnamese Shredded Chicken Salad;medium carrot;
vietnamese;Vietnamese Shredded Chicken Salad;red chile;
vietnamese;Vietnamese Shredded Chicken Salad;sugar;
vietnamese;Vietnamese Shredded Chicken Salad;clovegarlic;
vietnamese;Vietnamese Shredded Chicken Salad;fresh lime juice;
vietnamese;Vietnamese Shredded Chicken Salad;vege oil;
vietnamese;Vietnamese Shredded Chicken Salad;vietnamese fish sauce;
vietnamese;Vietnamese Shredded Chicken Salad;napa cabbage;
vietnamese;Vietnamese Shredded Chicken Salad;cilantro;
vietnamese;Vietnamese Shredded Chicken Salad;freshly ground pepper;
vietnamese;Vietnamese Spring Rolls;carrot;
vietnamese;Vietnamese Spring Rolls;chili paste;
vietnamese;Vietnamese Spring Rolls;soy sauce;
vietnamese;Vietnamese Spring Rolls;sugar;
vietnamese;Vietnamese Spring Rolls;toasted sesame oil;
vietnamese;Vietnamese Spring Rolls;bunch cilantro leave;
vietnamese;Vietnamese Spring Rolls;water;
vietnamese;Vietnamese Spring Rolls;package bean sprouts;
vietnamese;Vietnamese Spring Rolls;natural peanut butter;
vietnamese;Vietnamese Spring Rolls;spring roll;
vietnamese;Vietnamese Spring Rolls;cooked shrimp;
vietnamese;Vietnamese Spring Rolls;clovegarlic;
vietnamese;Vietnamese Spring Rolls;fresh lime juice;
vietnamese;Vietnamese Spring Rolls;green onion;
vietnamese;Vietnamese Spring Rolls;hoisin sauce;
vietnamese;Vietnamese Spring Rolls;fresh mint leaves;
vietnamese;Vietnamese Spring Rolls;ouncepork;
vietnamese;Vietnamese Spring Rolls;ouncerice noodle;
vietnamese;Vietnamese Spring Roll(Cha Gio);clove garlic;
vietnamese;Vietnamese Spring Roll(Cha Gio);ounce crab meat;
vietnamese;Vietnamese Spring Roll(Cha Gio);ounce mung bean noodle;
vietnamese;Vietnamese Spring Roll(Cha Gio);shallot;
vietnamese;Vietnamese Spring Roll(Cha Gio);egg;
vietnamese;Vietnamese Spring Roll(Cha Gio);fish sauce;
vietnamese;Vietnamese Spring Roll(Cha Gio);ounceshrimp;
vietnamese;Vietnamese Spring Roll(Cha Gio);ground pepper;
vietnamese;Vietnamese Spring Roll(Cha Gio);ounceground pork;
vietnamese;Vietnamese Spring Roll(Cha Gio);salt;
vietnamese;Vietnamese Spring Roll(Cha Gio);shredded carrot;
vietnamese;Vietnamese Spring Roll(Cha Gio);vietnamese rice paper;
vietnamese;Vietnamese Steaks;cucumber;
vietnamese;Vietnamese Steaks;inch fresh ginger;
vietnamese;Vietnamese Steaks;jalapeno pepper;
vietnamese;Vietnamese Steaks;brown sugar;
vietnamese;Vietnamese Steaks;honey;
vietnamese;Vietnamese Steaks;fish sauce;
vietnamese;Vietnamese Steaks;carrots;
vietnamese;Vietnamese Steaks;clovegarlic;
vietnamese;Vietnamese Steaks;lime;
vietnamese;Vietnamese Steaks;flank steak;
vietnamese;Vietnamese Steaks;scallions;
vietnamese;Vietnamese Steaks;ouncerice noodles;
vietnamese;Vietnamese Steaks;radishes;
vietnamese;Vietnamese Steaks;fresh cilantro;
vietnamese;Vietnamese Xiu Mai Bun;bunch scallions;
vietnamese;Vietnamese Xiu Mai Bun;clove garlic;
vietnamese;Vietnamese Xiu Mai Bun;cucumber;
vietnamese;Vietnamese Xiu Mai Bun;water;
vietnamese;Vietnamese Xiu Mai Bun;mint;
vietnamese;Vietnamese Xiu Mai Bun;ground pork;
vietnamese;Vietnamese Xiu Mai Bun;sugar;
vietnamese;Vietnamese Xiu Mai Bun;cracked pepper;
vietnamese;Vietnamese Xiu Mai Bun;sugar;
vietnamese;Vietnamese Xiu Mai Bun;head iceberg lettuce;
vietnamese;Vietnamese Xiu Mai Bun;peanuts;
vietnamese;Vietnamese Xiu Mai Bun;vietnamese fish sauce;
vietnamese;Vietnamese Xiu Mai Bun;water;
vietnamese;Vietnamese Xiu Mai Bun;ouncerice vermicelli;
vietnamese;Vietnamese Xiu Mai Bun;stalklemongrass;
vietnamese;Vietnamese Xiu Mai Bun;sugar;
vietnamese;Vietnamese Xiu Mai Bun;carrots;
vietnamese;Vietnamese Xiu Mai Bun;green chilie;
vietnamese;Vietnamese Xiu Mai Bun;soy sauce;
vietnamese;Vietnamese Xiu Mai Bun;salt;
vietnamese;Vietnamese Zoodle Salad;fish sauce;
vietnamese;Vietnamese Zoodle Salad;sugar;
vietnamese;Vietnamese Zoodle Salad;peanut;
vietnamese;Vietnamese Zoodle Salad;fresh basil leave;
vietnamese;Vietnamese Zoodle Salad;red onion;
vietnamese;Vietnamese Zoodle Salad;fresh cilantro;
vietnamese;Vietnamese Zoodle Salad;fresh mint;
vietnamese;Vietnamese Zoodle Salad;medium carrot;
vietnamese;Vietnamese Zoodle Salad;fresh lime juice;
vietnamese;Vietnamese Zoodle Salad;zucchini;
vietnamese;Vietnamese Zoodle Salad;Sriracha sauce;
vietnamese;WILD DUCK PHO or VIETNAMESE DUCK SOUP;coriander seed;
vietnamese;WILD DUCK PHO or VIETNAMESE DUCK SOUP;fennel seed;
vietnamese;WILD DUCK PHO or VIETNAMESE DUCK SOUP;vietnamese fish sauce;
vietnamese;WILD DUCK PHO or VIETNAMESE DUCK SOUP;bean sprouts;
vietnamese;WILD DUCK PHO or VIETNAMESE DUCK SOUP;cardamom pods;
vietnamese;WILD DUCK PHO or VIETNAMESE DUCK SOUP;onion;
vietnamese;WILD DUCK PHO or VIETNAMESE DUCK SOUP;onion;
vietnamese;WILD DUCK PHO or VIETNAMESE DUCK SOUP;noodle;
vietnamese;WILD DUCK PHO or VIETNAMESE DUCK SOUP;salt;
vietnamese;WILD DUCK PHO or VIETNAMESE DUCK SOUP;sesame oil;
vietnamese;WILD DUCK PHO or VIETNAMESE DUCK SOUP;duck;
vietnamese;WILD DUCK PHO or VIETNAMESE DUCK SOUP;sugar;
vietnamese;WILD DUCK PHO or VIETNAMESE DUCK SOUP;chile;
vietnamese;WILD DUCK PHO or VIETNAMESE DUCK SOUP;duck breasts;
vietnamese;WILD DUCK PHO or VIETNAMESE DUCK SOUP;star anise;
vietnamese;WILD DUCK PHO or VIETNAMESE DUCK SOUP;cloves;
