Cuisine;Recipe;URL
croatian;Baked Croatian Cottage Cheese S?truklji;https://www.yummly.com/recipe/Baked-Croatian-Cottage-Cheese-Struklji-1115442
croatian;Banana Bread;https://www.yummly.com/recipe/Banana-Bread-9188063
croatian;Brudet (Croatian Seafood Stew);https://www.yummly.com/recipe/Brudet-_Croatian-Seafood-Stew_-677425
croatian;Buhtle (Croatian jam-filled sweet rolls);https://www.yummly.com/recipe/Buhtle-_Croatian-jam-filled-sweet-rolls_-2253989
croatian;Croatian Anchovy Salad;https://www.yummly.com/recipe/Croatian-Anchovy-Salad-Recipezaar
croatian;Croatian Apple Cake;https://www.yummly.com/recipe/Croatian-Apple-Cake-2258180
croatian;Croatian Army Beans;https://www.yummly.com/recipe/Croatian-Army-Beans-Recipezaar
croatian;Croatian Bandit Kebab (Hajducki Chevap);https://www.yummly.com/recipe/Croatian-Bandit-Kebab-_hajducki-Chevap_-Recipezaar
croatian;Croatian Bean Stew With Smoked Pork Ribs;https://www.yummly.com/recipe/Croatian-Bean-Stew-With-Smoked-Pork-Ribs-1654992
croatian;Croatian Beef Soup;https://www.yummly.com/recipe/Croatian-Beef-Soup-Recipezaar
croatian;Croatian Bijela Pita or Madjarica;https://www.yummly.com/recipe/Croatian-Bijela-Pita-or-Madjarica-1516159
croatian;Croatian Boar Casserole;https://www.yummly.com/recipe/Croatian-Boar-Casserole-Food_com-125683
croatian;Croatian Chicken Soup;https://www.yummly.com/recipe/Croatian-Chicken-Soup-Recipezaar
croatian;Croatian Dawn Cake;https://www.yummly.com/recipe/Croatian-Dawn-Cake-2671698
croatian;Croatian Easter Breakfast – Punjena Jaja (Stuffed Eggs);https://www.yummly.com/recipe/Croatian-Easter-Breakfast-Punjena-Jaja-_Stuffed-Eggs_-1195568
croatian;Croatian Fritters (Fritule);https://www.yummly.com/recipe/Croatian-Fritters-_Fritule_-2080343
croatian;Croatian Lamb Peka;https://www.yummly.com/recipe/Croatian-Lamb-Peka-9138167
croatian;Croatian Lamb/Mutton Chowder (Ajngemahtes);https://www.yummly.com/recipe/Croatian-Lamb_mutton-Chowder-_ajngemahtes_-Recipezaar
croatian;Croatian Mutton Soup;https://www.yummly.com/recipe/Croatian-Mutton-Soup-Recipezaar
croatian;Croatian Pear Strudel;https://www.yummly.com/recipe/Croatian-Pear-Strudel-2293615
croatian;Croatian Peka (Dalmatia’s signature dish);https://www.yummly.com/recipe/Croatian-Peka-_Dalmatias-signature-dish_-1856208
croatian;Croatian Pepper Cookies (Paprenjaci);https://www.yummly.com/recipe/Croatian-Pepper-Cookies-_paprenjaci_-Recipezaar
croatian;Croatian Pita;https://www.yummly.com/recipe/Croatian-Pita-748171
croatian;Croatian Potato Moussaka (Musaka od Krumpira) Recipe;https://www.yummly.com/recipe/Croatian-Potato-Moussaka-_Musaka-od-Krumpira_-Recipe-9192123
croatian;Croatian Savory Cabbage Strudel (Strudla s Kupusom);https://www.yummly.com/recipe/Croatian-Savory-Cabbage-Strudel-_Strudla-s-Kupusom_-2214818
croatian;Croatian Soparnik (kale Pie);https://www.yummly.com/recipe/Croatian-Soparnik-_kale-Pie_-9028363
croatian;Croatian Sour Cherry Strudel (S?trudlu s Vis?njama);https://www.yummly.com/recipe/Croatian-Sour-Cherry-Strudel-_Strudlu-s-Visnjama_-2582286
croatian;Croatian Squid With Rice;https://www.yummly.com/recipe/Croatian-Squid-With-Rice-Recipezaar_1
croatian;Croatian Stuffed Peppers;https://www.yummly.com/recipe/Croatian-Stuffed-Peppers-1654456
croatian;Croatian Swirl Bread - Povitica;https://www.yummly.com/recipe/Croatian-Swirl-Bread---Povitica-1512494
croatian;Croatian Tripe;https://www.yummly.com/recipe/Croatian-Tripe-1031124
croatian;Croatian Turkey Soup;https://www.yummly.com/recipe/Croatian-Turkey-Soup-Recipezaar
croatian;Croatian-Serbian Sweet Cheese Palacinke;https://www.yummly.com/recipe/Croatian-Serbian-Sweet-Cheese-Palacinke-2216085
croatian;Discover Croatian sweet cheese pie – forerunner of the modern cheesecake;https://www.yummly.com/recipe/Discover-Croatian-sweet-cheese-pie-forerunner-of-the-modern-cheesecake-2710983
croatian;Hokkaido Pumpkin Soup w/ Thyme Carrots & White Beans;https://www.yummly.com/recipe/Hokkaido-Pumpkin-Soup-w_-Thyme_-Carrots_-_-White-Beans-1306662
croatian;Kiflice (Croatian Rolls);https://www.yummly.com/recipe/Kiflice-_Croatian-Rolls_-1195555
croatian;Medenjaci - Croatian Honey Spice Cookies;https://www.yummly.com/recipe/Medenjaci---Croatian-Honey-Spice-Cookies-1665005
croatian;Medenjaci (Croatian Gingerbread Honey Cookies);https://www.yummly.com/recipe/Medenjaci-_Croatian-Gingerbread-Honey-Cookies_-2290211
croatian;Old fashioned Apple Pie Bars (Croatian Apple Pie);https://www.yummly.com/recipe/Old-fashioned-Apple-Pie-Bars-_Croatian-Apple-Pie_-1681187
croatian;Palacinke (Croatian crepes) – Regular and Gluten-free Versions;https://www.yummly.com/recipe/Palacinke-_Croatian-crepes_-Regular-and-Gluten-free-Versions-1423107
croatian;Paprenjaci – Croatian Spice Cookies;https://www.yummly.com/recipe/Paprenjaci-Croatian-Spice-Cookies-2525532
croatian;Paprenjaci (Croatian Christmas pepper cookies);https://www.yummly.com/recipe/Paprenjaci-_Croatian-Christmas-pepper-cookies_-2282518
croatian;Pas?ticada (Dalmatian Beef Stew);https://www.yummly.com/recipe/Pasticada-_Dalmatian-Beef-Stew_-2514718
croatian;Peach-Shaped Cookies Recipe - Croatian Breskvice;https://www.yummly.com/recipe/Peach-Shaped-Cookies-Recipe---Croatian-Breskvice-2215988
croatian;Pilec?i paprikas? (Chicken paprikash);https://www.yummly.com/recipe/Pileci-paprikas-_Chicken-paprikash_-2082241
croatian;Pinca - soft and sweet Croatian Easter bread;https://www.yummly.com/recipe/Pinca---soft-and-sweet-Croatian-Easter-bread-2386047
croatian;Povitica (Croatian Walnut Swirl Bread);https://www.yummly.com/recipe/Povitica-_Croatian-Walnut-Swirl-Bread_-1133501
croatian;Roasted turkey with mlinci (Croatian tattered pasta);https://www.yummly.com/recipe/Roasted-turkey-with-mlinci-_Croatian-tattered-pasta_-2329010
croatian;Sarma (Croatian Sauerkraut Rolls);https://www.yummly.com/recipe/Sarma-_croatian-Sauerkraut-Rolls_-Recipezaar
croatian;Slow Cooker Croatian Szekely Goulash;https://www.yummly.com/recipe/Slow-Cooker-Croatian-Szekely-Goulash-1970307
vietnamese;Banh Xeo (Ba?nh Xe?o) - Savory Vietnamese Cre?pe;https://www.yummly.com/recipe/Banh-Xeo-_Banh-Xeo_---Savory-Vietnamese-Crepe-2410300
vietnamese;Bu?n Thi?t Nu?o??ng (Vietnamese Grilled Pork with Rice Noodles);https://www.yummly.com/recipe/Bun-Thit-Nuong-_Vietnamese-Grilled-Pork-with-Rice-Noodles_-2492414
vietnamese;Cherry-Smoked Vietnamese-Flavored Ribs;https://www.yummly.com/recipe/Cherry-Smoked-Vietnamese-Flavored-Ribs-777251
vietnamese;Crispy Vietnamese Pancakes (Banh Xeo);https://www.yummly.com/recipe/Crispy-Vietnamese-Pancakes-_Banh-Xeo_-9076645
vietnamese;Easy Pho Bo (Vietnamese Beef Noodle Soup);https://www.yummly.com/recipe/Easy-Pho-Bo-_Vietnamese-Beef-Noodle-Soup_-2723593
vietnamese;Easy Vegan Vietnamese Curry;https://www.yummly.com/recipe/Easy-Vegan-Vietnamese-Curry-9051877
vietnamese;Fresh and Easy Vietnamese Noodle Salad;https://www.yummly.com/recipe/Fresh-and-Easy-Vietnamese-Noodle-Salad-2278241
vietnamese;Goi Buoi (Vietnamese Pomelo Salad);https://www.yummly.com/recipe/Goi-Buoi-_Vietnamese-Pomelo-Salad_-774722
vietnamese;Go?i cuo??n Vietnamese Summer rolls;https://www.yummly.com/recipe/Goi-cuon_-Vietnamese-Summer-rolls-1291921
vietnamese;Grilled Vietnamese Chicken;https://www.yummly.com/recipe/Grilled-Vietnamese-Chicken-2729995
vietnamese;Lemongrass Vietnamese Meatballs;https://www.yummly.com/recipe/Lemongrass-Vietnamese-Meatballs-2604281
vietnamese;Pho (Vietnamese Noodle Soup);https://www.yummly.com/recipe/Pho-_Vietnamese-Noodle-Soup_-9096054
vietnamese;Spicy Vietnamese Beef Noodle Soup (Bu?n bo? Hue??);https://www.yummly.com/recipe/Spicy-Vietnamese-Beef-Noodle-Soup-_Bun-bo-Hue_-9126282
vietnamese;Suon Nuong (Vietnamese Pork Chops);https://www.yummly.com/recipe/Suon-Nuong-_Vietnamese-Pork-Chops_-442797
vietnamese;Vegan Vietnamese Jackfruit Salad;https://www.yummly.com/recipe/Vegan-Vietnamese-Jackfruit-Salad-9027294
vietnamese;Vegetarian Vietnamese Pancakes;https://www.yummly.com/recipe/Vegetarian-Vietnamese-Pancakes-1620515
vietnamese;Vietnamese Beef Salad;https://www.yummly.com/recipe/Vietnamese-Beef-Salad-460752
vietnamese;Vietnamese Bo Luc Lac;https://www.yummly.com/recipe/Vietnamese-Bo-Luc-Lac-1034333
vietnamese;Vietnamese Bowl;https://www.yummly.com/recipe/Vietnamese-Bowl-2664548
vietnamese;Vietnamese Burgers;https://www.yummly.com/recipe/Vietnamese-Burgers-2558408
vietnamese;Vietnamese Caramel Chicken;https://www.yummly.com/recipe/Vietnamese-Caramel-Chicken-1182299
vietnamese;Vietnamese Chicken;https://www.yummly.com/recipe/Vietnamese-Chicken-9051001
vietnamese;Vietnamese Chicken Meatballs;https://www.yummly.com/recipe/Vietnamese-Chicken-Meatballs-1074813
vietnamese;Vietnamese Chicken Salad;https://www.yummly.com/recipe/Vietnamese-Chicken-Salad-1843284
vietnamese;Vietnamese Chicken Salad with Rice Noodles;https://www.yummly.com/recipe/Vietnamese-Chicken-Salad-with-Rice-Noodles-2246133
vietnamese;Vietnamese Chicken Vermicelli Salad;https://www.yummly.com/recipe/Vietnamese-Chicken-Vermicelli-Salad-1529632
vietnamese;Vietnamese Coleslaw With Shredded Chicken And Peanuts;https://www.yummly.com/recipe/Vietnamese-Coleslaw-With-Shredded-Chicken-And-Peanuts-9002173
vietnamese;Vietnamese Cre?pes;https://www.yummly.com/recipe/Vietnamese-Crepes-1405924
vietnamese;Vietnamese Cucumber Salad;https://www.yummly.com/recipe/Vietnamese-Cucumber-Salad-9005807
vietnamese;Vietnamese Dipping Sauce (Nuoc Cham);https://www.yummly.com/recipe/Vietnamese-Dipping-Sauce-_Nuoc-Cham_-9000487
vietnamese;Vietnamese Fried Spring Rolls;https://www.yummly.com/recipe/Vietnamese-Fried-Spring-Rolls-9095071
vietnamese;Vietnamese Ground Pork in Tomato Sauce (Thi?t Ba?m So??t Ca? Chua);https://www.yummly.com/recipe/Vietnamese-Ground-Pork-in-Tomato-Sauce-_Thit-Bam-Sot-Ca-Chua_-9126283
vietnamese;Vietnamese Herb Salad;https://www.yummly.com/recipe/Vietnamese-Herb-Salad-2605165
vietnamese;Vietnamese Lamb Riblets;https://www.yummly.com/recipe/Vietnamese-Lamb-Riblets-9085469
vietnamese;Vietnamese Lemongrass Pork;https://www.yummly.com/recipe/Vietnamese-Lemongrass-Pork-2469292
vietnamese;Vietnamese Lettuce Wraps;https://www.yummly.com/recipe/Vietnamese-Lettuce-Wraps-2703967
vietnamese;Vietnamese Meatball Lettuce Wraps;https://www.yummly.com/recipe/Vietnamese-Meatball-Lettuce-Wraps-2699546
vietnamese;Vietnamese Meatball Noodle Bowl;https://www.yummly.com/recipe/Vietnamese-Meatball-Noodle-Bowl-1517788
vietnamese;Vietnamese Meatballs (Xiu Mai);https://www.yummly.com/recipe/Vietnamese-Meatballs-_Xiu-Mai_-2251364
vietnamese;Vietnamese Noodle Bowl (Bun);https://www.yummly.com/recipe/Vietnamese-Noodle-Bowl-_Bun_-2647095
vietnamese;Vietnamese Noodle Bowl with Glazed Pork;https://www.yummly.com/recipe/Vietnamese-noodle-bowl-with-glazed-pork-347642
vietnamese;Vietnamese Noodle Salad with Lemongrass Beef;https://www.yummly.com/recipe/Vietnamese-Noodle-Salad-with-Lemongrass-Beef-9005053
vietnamese;Vietnamese Noodle Salad with Lemongrass Chicken;https://www.yummly.com/recipe/Vietnamese-Noodle-Salad-with-Lemongrass-Chicken-9003178
vietnamese;Vietnamese Pho;https://www.yummly.com/recipe/Vietnamese-Pho-2410056
vietnamese;Vietnamese Pomelo Salad;https://www.yummly.com/recipe/Vietnamese-Pomelo-Salad-1781782
vietnamese;Vietnamese Rolls;https://www.yummly.com/recipe/Vietnamese-Rolls-1618487
vietnamese;Vietnamese Sandwich Banh Mi;https://www.yummly.com/recipe/Vietnamese-Sandwich-Banh-Mi-2559858
vietnamese;Vietnamese Shaken Beef Bowl.;https://www.yummly.com/recipe/Vietnamese-Shaken-Beef-Bowl_-1199514
vietnamese;Vietnamese Shredded Chicken Salad;https://www.yummly.com/recipe/Vietnamese-Shredded-Chicken-Salad-9125624
vietnamese;Vietnamese Spring Rolls;https://www.yummly.com/recipe/Vietnamese-Spring-Rolls-1124353
Chinese;Quick & Easy Chinese Noodle Soup;https://www.yummly.com/recipe/Quick-_-Easy-Chinese-Noodle-Soup-2150392
Chinese;Chinese Fried Noodles;https://www.yummly.com/recipe/Chinese-Fried-Noodles-1651364
Chinese;Classic Chinese Chow Mein;https://www.yummly.com/recipe/Classic-Chinese-Chow-Mein-2217121
Chinese;Chile Spiced Chinese Noodles;https://www.yummly.com/recipe/Chile-Spiced-Chinese-Noodles-1062427
Chinese;Basic Chinese Cake Noodle;https://www.yummly.com/recipe/BASIC-CHINESE-CAKE-NOODLE-9114338
Chinese;Chiness Longevity Noodles;https://www.yummly.com/recipe/Chinese-Longevity-Noodles-2648661
Chinese;Longevity Noodles for Chinese New Year;https://www.yummly.com/recipe/Longevity-Noodles-for-Chinese-New-Year-991115
Chinese;Chinese Noodles with Sesame Dressing;https://www.yummly.com/recipe/Chinese-Noodles-with-Sesame-Dressing-Martha-Stewart
Chinese;Perfect Chinese Noodles;https://www.yummly.com/recipe/Perfect-Chinese-Noodles-2165627
Chinese;Chinese Fun Noodles with Beef;https://www.yummly.com/recipe/Chinese-Fun-Noodles-with-Beef-2634804
Chinese;Chinese Sesame Noodles;https://www.yummly.com/recipe/Chinese-Sesame-Noodles-2632650
Chinese;Chineses Noodle Chicken;https://www.yummly.com/recipe/Chinese-Noodle-Chicken-1608585
Chinese;Stir-Fried Chinese Egg Noodles;https://www.yummly.com/recipe/Stir-Fried-Chinese-Egg-Noodles-1076142
Chinese;Cold Chinese Peanut Noodles;https://www.yummly.com/recipe/Cold-Chinese-Peanut-Noodles-1217673
Chinese;Chinese Fried Noodles;https://www.yummly.com/recipe/CHINESE-FRIED-NOODLES-2470788
Chinese;Chineses Noodles with Chicken;https://www.yummly.com/recipe/Chinese-Noodles-With-Chicken-1004622
Chinese;Ramen Noodle Stir Fry;https://www.yummly.com/recipe/Ramen-Noodle-Stir-Fry-9097005
Chinese;Stir Fried Chinese Noodles with Shrimp;https://www.yummly.com/recipe/Stir-Fried-Chinese-Noodles-with-Shrimp-1549759
Chinese;Spicy Pork Noodles;https://www.yummly.com/recipe/Spicy-Pork-Noodles-2561377
Chinese;Chinese Fried Noodles;https://www.yummly.com/recipe/Chinese-Fried-Noodles-Allrecipes
Chinese;Ginger Soy Chinese Noodles;https://www.yummly.com/recipe/Ginger-Soy-Chinese-Noodles-2620210
Chinese;Jjajangmyun, the Korean-chinese Noodles With Black Bean Paste;https://www.yummly.com/recipe/Jjajangmyun_-the-Korean-chinese-Noodles-With-Black-Bean-Paste-9008101
Chinese;Homemade Chinese Food – Longevity Noodles;https://www.yummly.com/recipe/Homemade-Chinese-Food-Longevity-Noodles-1492685
Chinese;Chinese Cold Noodle Recipes;https://www.yummly.com/recipe/Chinese-Cold-Noodle-Recipes-9099085
Chinese;Mongolian Beef Ramen Noodles;https://www.yummly.com/recipe/Mongolian-Beef-Ramen-Noodles-2392189
Chinese;Chinese Braised Beef Noodles;https://www.yummly.com/recipe/Chinese-Braised-Beef-Noodles-2698832
Chinese;Chinese Noodles with Chilies and Scallions;https://www.yummly.com/recipe/Chinese-Noodles-with-Chilies-and-Scallions-2641987
Chinese;Liangfen-Chinese Jelly Noodles;https://www.yummly.com/recipe/Liangfen-Chinese-Jelly-Noodles-2538434
Chinese;Dan Dan Noodles;https://www.yummly.com/recipe/Dan-Dan-Noodles-_-9087282
Chinese;(Chinese Egg Noodles in Broth);https://www.yummly.com/recipe/_Chinese-Egg-Noodles-in-Broth_-2604832
Chinese;Spicy Chinese Noodles;https://www.yummly.com/recipe/Spicy-Chinese-Noodles-9016657
Chinese;Asian Peanut Noodles;https://www.yummly.com/recipe/Asian-Peanut-Noodles-2663491
Chinese;Vegetarian Indo-Chinese Hakka Noodles;https://www.yummly.com/recipe/Vegetarian-Indo-Chinese-Hakka-Noodles-1315510
Chinese;Healthy Ramen Noodles Stir Fry;https://www.yummly.com/recipe/Healthy-Ramen-Noodles-Stir-Fry-2624257
Chinese;Chinese Noodles in Peanut Sauce;https://www.yummly.com/recipe/Chinese-Noodles-in-Peanut-Sauce-2214474
Chinese;Perfect Chinese Noodles {Lo Mein};https://www.yummly.com/recipe/Perfect-Chinese-Noodles-_Lo-Mein_-2642970
Chinese;Long-Life Noodles with Beef & Chinese Broccoli;https://www.yummly.com/recipe/Long-Life-Noodles-with-Beef-_-Chinese-Broccoli-2633491
Chinese;Lo Mein Noodles with Chinese Sausage and Gai Lan;https://www.yummly.com/recipe/Lo-Mein-Noodles-with-Chinese-Sausage-and-Gai-Lan-2242831
Chinese;Chinese Noodles With Pork & Spicy Peanut Sauce;https://www.yummly.com/recipe/Chinese-Noodles-With-Pork-_-Spicy-Peanut-Sauce-9064819
Chinese;Chinese-style Fried Noodles;https://www.yummly.com/recipe/Chinese-style-Fried-Noodles-2687048
Chinese;Cold Chinese Noodles in Peanut Sesame Sauce;https://www.yummly.com/recipe/Cold-Chinese-Noodles-in-Peanut-Sesame-Sauce-1021820
Chinese;Chinese Plum Chicken with Noodles;https://www.yummly.com/recipe/Chinese-Plum-Chicken-with-Noodles-1401080
Chinese;Chinese Sausage and XO Sauce Noodles;https://www.yummly.com/recipe/Chinese-Sausage-and-XO-Sauce-Noodles-2142868
Chinese;Schezwan Noodles | Indo Chinese Street Food;https://www.yummly.com/recipe/Schezwan-Noodles-_-Indo-Chinese-Street-Food-2171931
Chinese;CHINESE FUN NOODLES with BEEF;https://www.yummly.com/recipe/CHINESE-FUN-NOODLES-with-BEEF-1004145
Chinese;Sesame Garlic Ramen Noodles;https://www.yummly.com/recipe/Sesame-Garlic-Ramen-Noodles-2618387
Chinese;Spicy Everything-Bagel Chinese Takeout Noodles;https://www.yummly.com/recipe/Spicy-Everything-Bagel-Chinese-Takeout-Noodles-2579192
Chinese;Perfect Veg Hakka noodles - indo chinese;https://www.yummly.com/recipe/Perfect-Veg-Hakka-noodles---indo-chinese-1795693
Chinese;Chinese Braised Beef Stew Noodles;https://www.yummly.com/recipe/Chinese-Braised-Beef-Stew-Noodles-1382824
Chinese;Chinese Chicken Zoodles;https://www.yummly.com/recipe/Chinese-Chicken-Zoodles-2278269
Italian;Italian Pasta Salad;https://www.yummly.com/recipe/Italian-Pasta-Salad-9104504
Italian;Italian Sausage with Pasta and Herbs;https://www.yummly.com/recipe/Italian-Sausage-with-Pasta-and-Herbs-2248844
Italian;Classic Italian Pasta Salad;https://www.yummly.com/recipe/Classic-italian-pasta-salad-298859
Italian;Italian Pasta Salad;https://www.yummly.com/recipe/Italian-Pasta-Salad-1189199
Italian;Italian Crescent Casserole;https://www.yummly.com/recipe/Italian-Crescent-Casserole-9083675
Italian;One Pan Italian Pasta;https://www.yummly.com/recipe/One-Pan-Italian-Pasta-2026072
Italian;Authentic Italian Pasta Carbonara;https://www.yummly.com/recipe/Authentic-Italian-Pasta-Carbonara-2641925
Italian;Classic Italian Pasta Salad;https://www.yummly.com/recipe/Classic-Italian-Pasta-Salad-9037578
Italian;Easy Italian Pasta Shrimp;https://www.yummly.com/recipe/Easy-Italian-Pasta-Shrimp-2527353
Italian;Italian Chicken Casserole;https://www.yummly.com/recipe/Italian-Chicken-Casserole-9063824
Italian;Italian Shrimp Pasta;https://www.yummly.com/recipe/Italian-Shrimp-Pasta-9033235
Italian;Italian Pasta Salad;https://www.yummly.com/recipe/Italian-Pasta-Salad-Allrecipes
Italian;Italian Sausage and Penne Pasta;https://www.yummly.com/recipe/Italian-Sausage-and-Penne-Pasta-2063032
Italian;Italian Pasta Salad;https://www.yummly.com/recipe/Italian-Pasta-Salad-9064925
Italian;Easy Italian Pasta Salad;https://www.yummly.com/recipe/Easy-Italian-Pasta-Salad-1238393
Italian;Italian Zucchini Pasta;https://www.yummly.com/recipe/Italian-Zucchini-Pasta-2619301
Italian;Traditional Italian Pasta Carbonara;https://www.yummly.com/recipe/Traditional-Italian-Pasta-Carbonara-9048529
Italian;Italian Broccoli Rabe Pasta;https://www.yummly.com/recipe/Italian-Broccoli-Rabe-Pasta-2620965
Italian;One Pot Spaghetti Aglio e Olio;https://www.yummly.com/recipe/One-Pot-Spaghetti-Aglio-e-Olio-2536973
Italian;Classic Italian Pasta Salad;https://www.yummly.com/recipe/Classic-Italian-Pasta-Salad-2721335
Italian;Easy Italian Pasta Bake;https://www.yummly.com/recipe/Easy-Italian-Pasta-Bake-1446533
Italian;Mediterranean Pasta;https://www.yummly.com/recipe/Mediterranean-Pasta-2563627
Italian;Fresh Italian Pasta;https://www.yummly.com/recipe/Fresh-Italian-Pasta-2514563
Italian;Italian Pasta Salad;https://www.yummly.com/recipe/Italian-Pasta-Salad-9026856
Italian;Italian Pasta Salad;https://www.yummly.com/recipe/Italian-Pasta-Salad-2435659
Italian;Italian Pasta Salad;https://www.yummly.com/recipe/Italian-Pasta-Salad-2435366
Italian;Italian Pasta Salad;https://www.yummly.com/recipe/Italian-Pasta-Salad-2482838
Italian;Italian Pasta Salad;https://www.yummly.com/recipe/Italian-Pasta-Salad-9078069
Italian;One Pan Italian Pasta;https://www.yummly.com/recipe/One-Pan-Italian-Pasta-2053313
Italian;Pasta e Faglioli (Italian Pasta and Beans);https://www.yummly.com/recipe/Pasta-e-Fagioli-_Italian-Pasta-and-Beans_-9034920
Italian;Instant Pot Creamy Tuscan Chicken Pasta;https://www.yummly.com/recipe/Instant-Pot-Creamy-Tuscan-Chicken-Pasta-2472789
Italian; Italian Ravioli with Spinach, Artichokes, Capers, Sun-Dried Tomatoes;https://www.yummly.com/recipe/Italian-Ravioli-with-Spinach_-Artichokes_-Capers_-Sun-Dried-Tomatoes-2376487
Italian;Italian Pasta with Tomato & Basil;https://www.yummly.com/recipe/Italian-Pasta-with-Tomato-_-Basil-1628537
Italian;Italian Pasta Salad;https://www.yummly.com/recipe/Italian-Pasta-Salad-2180408
Italian;Italian Chicken Pasta;https://www.yummly.com/recipe/Italian-Chicken-Pasta-2710546
Italian;Classic Italian Pasta Salad;https://www.yummly.com/recipe/Classic-Italian-Pasta-Salad-2695417
Italian;Italian Pasta Salad;https://www.yummly.com/recipe/Italian-Pasta-Salad-2732275
Italian;Creamy Spinach and Italian Sausage Pasta;https://www.yummly.com/recipe/Creamy-Spinach-and-Italian-Sausage-Pasta-1247745
Italian;Italian Pasta Salad With Grilled Chicken;https://www.yummly.com/recipe/Italian-pasta-salad-with-grilled-chicken-298142
Italian;Authentic (Quick) Italian Tomato Sauce for Pasta;https://www.yummly.com/recipe/Authentic-_Quick_-Italian-Tomato-Sauce-for-Pasta-2434805
Italian;Italian Pasta Salad;https://www.yummly.com/recipe/Italian-Pasta-Salad-1590149
Italian;Simple Italian Pasta;https://www.yummly.com/recipe/Simple-Italian-Pasta-1032725
Italian;Instant Pot Creamy Tuscan Chicken Pasta;https://www.yummly.com/recipe/Instant-Pot-Creamy-Tuscan-Chicken-Pasta-2342314
Italian;Italian Pasta Salad;https://www.yummly.com/recipe/Italian-Pasta-Salad-1223628
Italian;Creamy Italian Pasta Casserole;https://www.yummly.com/recipe/Creamy-Italian-Pasta-Casserole-2677081
Italian;Italian Sausage Pasta;https://www.yummly.com/recipe/Italian-Sausage-Pasta-9048646
Italian;Zesty Italian Crockpot Cheesy Chicken;https://www.yummly.com/recipe/Zesty-Italian-Crockpot-Cheesy-Chicken-9106174
Italian;Italian Pasta Salad in a Mason Jar;https://www.yummly.com/recipe/Italian-Pasta-Salad-in-a-Mason-Jar-9069246
Italian;Creamy Parmesan Garlic Shrimp Pasta;https://www.yummly.com/recipe/Creamy-Parmesan-Garlic-Shrimp-Pasta-2464677
Italian;One Pot Italian Pasta;https://www.yummly.com/recipe/One-Pot-Italian-Pasta-1510197
Thai;Beef pad Thai (pad Thai neua);https://www.yummly.co.uk/recipe/Beef-pad-Thai-_pad-Thai-neua_-643401
Thai;Chicken Thai Curry;https://www.yummly.co.uk/recipe/Chicken-Thai-Curry-1171821
Thai;Crunchy rainbow Thai salad;https://www.yummly.co.uk/recipe/Crunchy-rainbow-Thai-salad-2533769
Thai;Easy Thai Cauliflower Rice;https://www.yummly.co.uk/recipe/Easy-Thai-Cauliflower-Rice-2559418
Thai;Easy Thai Satay Chicken;https://www.yummly.co.uk/recipe/Easy-Thai-Satay-Chicken-2049171
Thai;One Pot Thai Chicken Thighs + Noodles;https://www.yummly.co.uk/recipe/One-Pot-Thai-Chicken-Thighs-_-Noodles-2011595
Thai;Oven Baked Thai Chicken and Rice;https://www.yummly.co.uk/recipe/Oven-Baked-Thai-Chicken-and-Rice-989181
Thai;Pad Thai;https://www.yummly.co.uk/recipe/Pad-Thai-2567285
Thai;Prawn & tofu pad Thai;https://www.yummly.co.uk/recipe/Prawn-_-tofu-pad-Thai-989192
Thai;Quick Thai Chicken and Prawn Soup;https://www.yummly.co.uk/recipe/Quick-Thai-Chicken-and-Prawn-Soup-9023230
Thai;Quorn Thai Curry;https://www.yummly.co.uk/recipe/Quorn-Thai-Curry-1189922
Thai;Spicy Thai Curry Noodle Soup;https://www.yummly.co.uk/recipe/Spicy-Thai-Curry-Noodle-Soup-1535894
Thai;Spicy Thai Drunken Noodles with Prawn;https://www.yummly.co.uk/recipe/Spicy-Thai-Drunken-Noodles-with-Prawn-9042027
Thai;Spicy Thai Minced Pork Curry;https://www.yummly.co.uk/recipe/Spicy-Thai-Minced-Pork-Curry-679921
Thai;Spicy Thai noodle soup;https://www.yummly.co.uk/recipe/Spicy-Thai-noodle-soup-1186590
Thai;Spicy Thai Salad;https://www.yummly.co.uk/recipe/Spicy-Thai-Salad-2410989
Thai;Sticky Thai Coconut Chicken Skillet with Asian Slaw;https://www.yummly.co.uk/recipe/Sticky-Thai-Coconut-Chicken-Skillet-with-Asian-Slaw-2293748
Thai;Thai Basil Chicken with fried egg;https://www.yummly.co.uk/recipe/Thai-Basil-Chicken-with-fried-egg-1681623
Thai;Thai Beef Rissoles;https://www.yummly.co.uk/recipe/Thai-Beef-Rissoles-1451739
Thai;Thai Beef Salad;https://www.yummly.co.uk/recipe/Thai-Beef-Salad-2561410
Thai;Thai Chicken;https://www.yummly.co.uk/recipe/Thai-Chicken-595955
Thai;Thai Chicken And Basil Sizzle;https://www.yummly.co.uk/recipe/Thai-Chicken-And-Basil-Sizzle-2314525
Thai;Thai Chicken Laksa;https://www.yummly.co.uk/recipe/Thai-Chicken-Laksa-1604705
Thai;Thai Chicken Nuggets;https://www.yummly.co.uk/recipe/Thai-Chicken-Nuggets-1295830
Thai;Thai Chicken Salad Wonton Cups;https://www.yummly.co.uk/recipe/Thai-Chicken-Salad-Wonton-Cups-1049663
Thai;Thai Chicken Satay with Peanut Sauce;https://www.yummly.co.uk/recipe/Thai-Chicken-Satay-with-Peanut-Sauce-2675318
Thai;Thai Chicken Soup;https://www.yummly.co.uk/recipe/Thai-Chicken-Soup-2655030
Thai;Thai Chilli Basil Chicken;https://www.yummly.co.uk/recipe/Thai-Chilli-Basil-Chicken-2632111
Thai;Thai Coconut Noodle Soup;https://www.yummly.co.uk/recipe/Thai-Coconut-Noodle-Soup-1301980
Thai;Thai Coconut Soup;https://www.yummly.co.uk/recipe/Thai-Coconut-Soup-2530069
Thai;Thai Drunken Noodles (Pad Kee Mao);https://www.yummly.co.uk/recipe/Thai-Drunken-Noodles-_Pad-Kee-Mao_-2547998
Thai;Thai Fish Cakes With Sweet Chilli Dip;https://www.yummly.co.uk/recipe/Thai-Fish-Cakes-With-Sweet-Chilli-Dip-2421078
Thai;Thai Fish Cakes;https://www.yummly.co.uk/recipe/Thai-Fish-Cakes-378929
Thai;Thai Fish Stir Fry;https://www.yummly.co.uk/recipe/Thai-Fish-Stir-Fry-9054876
Thai;Thai Green Curry;https://www.yummly.co.uk/recipe/Thai-Green-Curry-2662526
Thai;Thai Green Curry Meatballs;https://www.yummly.co.uk/recipe/Thai-Green-Curry-Meatballs-1252319
Thai;Thai Green Prawn Curry;https://www.yummly.co.uk/recipe/Thai-Green-Prawn-Curry-2304676
Thai;Thai Meatballs;https://www.yummly.co.uk/recipe/Thai-Meatballs-2563268
Thai;Thai Noodle Bowl;https://www.yummly.co.uk/recipe/Thai-Noodle-Bowl-2118415
Thai;Thai Noodle Salad;https://www.yummly.co.uk/recipe/Thai-Noodle-Salad-1559877
Thai;Thai Pork Curry;https://www.yummly.co.uk/recipe/Thai-Pork-Curry-2210074
Thai;Thai Pork Kebabs;https://www.yummly.co.uk/recipe/Thai-Pork-Kebabs-2346919
Thai;Thai Prawn Curry;https://www.yummly.co.uk/recipe/Thai-Prawn-Curry-1283329
Thai;Thai Prawns with Cauliflower Rice (246 Calories);https://www.yummly.co.uk/recipe/Thai-Prawns-with-Cauliflower-Rice-_246-Calories_-9063328
Thai;Thai Red Chicken Curry;https://www.yummly.co.uk/recipe/Thai-Red-Chicken-Curry-2453382
Thai;Thai Red Coconut Chicken;https://www.yummly.co.uk/recipe/Thai-Red-Coconut-Chicken-9034758
Thai;Thai Red Curry with Prawns and Snow Peas;https://www.yummly.co.uk/recipe/Thai-Red-Curry-with-Prawns-and-Snow-Peas-983578
Thai;Thai Red Duck Curry with Pineapple;https://www.yummly.co.uk/recipe/Thai-Red-Duck-Curry-with-Pineapple-2508625
Thai;Thai Spiced Chicken;https://www.yummly.co.uk/recipe/Thai-Spiced-Chicken-378861
Thai;Thai Spicy Green Beans (Pad Ped Tou Kag);https://www.yummly.co.uk/recipe/Thai-Spicy-Green-Beans-_Pad-Ped-Tou-Kag_-2502389
Greek;The Best Greek Chicken Marinade;https://www.yummly.com/recipe/The-Best-Greek-Chicken-Marinade-9128515
Greek;Greek Salad Dressing;https://www.yummly.com/recipe/Greek-Salad-Dressing-591
Greek;The Best Authentic Greek Salad.;https://www.yummly.com/recipe/The-Best-Authentic-Greek-Salad_-2639991
Greek;The Best Authentic Loukoumades Greek Donuts;https://www.yummly.com/recipe/The-Best-Authentic-Loukoumades-Greek-Donuts-2335433
Greek;Greek Honey Puffs - Loukoumades;https://www.yummly.com/recipe/Greek-Honey-Puffs---Loukoumades-2124909
Greek;World's Best Tzatziki;https://www.yummly.com/recipe/World_s-Best-Tzatziki-2209470
Greek;The Best Greek Salad;https://www.yummly.com/recipe/The-Best-Greek-Salad-2399956
Greek;Greek Seven Layer Dip;https://www.yummly.com/recipe/Greek-Seven-Layer-Dip-1971895
Greek;Georgette's Greek Zucchini;https://www.yummly.com/recipe/Georgette_s-greek-zucchini-309673
Greek;Kolokithokeftedes (Greek Zucchini Fritters with Feta);https://www.yummly.com/recipe/Kolokithokeftedes-_Greek-Zucchini-Fritters-with-Feta_-2558606
Greek;Best Chicken Thigh Marinade - Greek Style;https://www.yummly.com/recipe/Best-Chicken-Thigh-Marinade---Greek-Style-9011417
Greek;Banana Smoothie;https://www.yummly.com/recipe/Banana-Smoothie-9046389
Greek;Creamy Greek Yogurt Dressing;https://www.yummly.com/recipe/Creamy-Greek-Yogurt-Dressing-2257895
Greek;The best ever Greek Meatballs;https://www.yummly.com/recipe/The-best-ever-Greek-Meatballs-2708318
Greek;Best-Ever Cilantro-Lime Sauce;https://www.yummly.com/recipe/Best-Ever-Cilantro-Lime-Sauce-897379
Greek;Authentic Greek Tzatziki Sauce (Keto);https://www.yummly.com/recipe/Authentic-Greek-Tzatziki-Sauce-_Keto_-9054574
Greek;The Best 7 - Layer Greek Dip;https://www.yummly.com/recipe/The-Best-7---Layer-Greek-Dip-2157550
Greek;Greek Lemon Rice;https://www.yummly.com/recipe/Greek-Lemon-Rice-2695645
Greek;The World's Best Baked Chicken;https://www.yummly.com/recipe/The-World_s-Best-Baked-Chicken-1082075
Greek;How To Make the Best Diner-Style Greek Salad;https://www.yummly.com/recipe/How-To-Make-the-Best-Diner-Style-Greek-Salad-2288219
Greek;Best Ever Greek Yogurt Chocolate Chip Muffins;https://www.yummly.com/recipe/Best-Ever-Greek-Yogurt-Chocolate-Chip-Muffins-2727715
Greek;Best Greek Salad With Creamy Avocado Dressing;https://www.yummly.com/recipe/Best-Greek-Salad-With-Creamy-Avocado-Dressing-2097352
Greek;Tomato Avocado Cucumber Chick Pea Salad with Feta and Greek Lemon Dressing;https://www.yummly.com/recipe/Tomato-Avocado-Cucumber-Chick-Pea-Salad-with-Feta-and-Greek-Lemon-Dressing-2226766
Greek;The Best Grilled Chicken Greek Salad with Creamy Greek Dressing;https://www.yummly.com/recipe/The-Best-Grilled-Chicken-Greek-Salad-with-Creamy-Greek-Dressing-9093731
Greek;Classic Spinach Dip With Greek Yogurt;https://www.yummly.com/recipe/Classic-spinach-dip-with-greek-yogurt-299535
Greek;Healthy Coffee Banana Smoothie;https://www.yummly.com/recipe/Healthy-Coffee-Banana-Smoothie-2234158
Greek;Greek Lamb Meatballs with Tzatziki Sauce;https://www.yummly.com/recipe/Greek-Lamb-Meatballs-with-Tzatziki-Sauce-2732102
Greek;Best Beginners Green Smoothie;https://www.yummly.com/recipe/Best-Beginners-Green-Smoothie-1552200
Greek;Gyros with Greek Chicken;https://www.yummly.com/recipe/Gyros-with-Greek-Chicken-1899737
Greek;THE BEST GREEK PASTA SALAD;https://www.yummly.com/recipe/THE-BEST-GREEK-PASTA-SALAD-9047611
Greek;The Best Greek-Style Quinoa Salad;https://www.yummly.com/recipe/The-Best-Greek-Style-Quinoa-Salad-2106708
Greek;GORGEOUS GREEK CHICKEN AND POTATOES;https://www.yummly.com/recipe/GORGEOUS-GREEK-CHICKEN-AND-POTATOES-1205966
Greek;Easy Traditional Greek Gyros.;https://www.yummly.com/recipe/Easy-Traditional-Greek-Gyros_-596424
Greek;Healthy Homemade Ranch Dip;https://www.yummly.com/recipe/Healthy-Homemade-Ranch-Dip-1105516
Greek;The Best Greek Salad + Creamy Greek Salad Dressing;https://www.yummly.com/recipe/The-Best-Greek-Salad-_-Creamy-Greek-Salad-Dressing-1576415
Greek;Classic Greek Salad Dressing;https://www.yummly.com/recipe/Classic-Greek-Salad-Dressing-1458651
Greek;Greek Nachos;https://www.yummly.com/recipe/Greek-Nachos-450760
Greek;The Best Pineapple Upside-Down Cake;https://www.yummly.com/recipe/The-Best-Pineapple-Upside-Down-Cake-2528149
Greek;Easy Greek Salad;https://www.yummly.com/recipe/Easy-greek-salad-371374
Greek;The Best Mocha Muffins;https://www.yummly.com/recipe/The-Best-Mocha-Muffins-2277387
Greek;Tzatziki Sauce;https://www.yummly.com/recipe/Tzatziki-Sauce-1557115
Greek;Authentic Greek Tzatziki Dip;https://www.yummly.com/recipe/Authentic-Greek-Tzatziki-Dip-2406829
Greek;The BEST Healthy Greek Yogurt Pumpkin Bread;https://www.yummly.com/recipe/The-BEST-Healthy-Greek-Yogurt-Pumpkin-Bread-2359076
Greek;Best Chicken Thighs in Lemony Greek Yogurt Sauce;https://www.yummly.com/recipe/Best-Chicken-Thighs-in-Lemony-Greek-Yogurt-Sauce-1624390
Greek;Best Greek Salad with Lemon Oregano Vinaigrette;https://www.yummly.com/recipe/Best-Greek-Salad-with-Lemon-Oregano-Vinaigrette-9039811
Greek;Leftover Salmon Salad Recipe with Yogurt and Dill;https://www.yummly.com/recipe/Leftover-salmon-salad-recipe-with-yogurt-and-dill-309601
Greek;The Best Greek Chicken Marinade;https://www.yummly.com/recipe/The-Best-Greek-Chicken-Marinade-9147980
Greek;Best Breakfast Smoothie;https://www.yummly.com/recipe/Best-Breakfast-Smoothie-1621313
Greek;The Best Greek Chicken Marinade;https://www.yummly.com/recipe/The-Best-Greek-Chicken-Marinade-9181886
Greek;Best Chocolate Chip Cookies Recipe-Triple Chocolate Nutella Stuffed Cookies;https://www.yummly.com/recipe/Best-Chocolate-Chip-Cookies-Recipe-Triple-Chocolate-Nutella-Stuffed-Cookies-2556761
